Danh mục,Thương hiệu,Tên sản phẩm,Phân loại,Giá bán,Giá cũ,Tồn kho,Link ảnh,Mô tả sản phẩm
Skincare,Estee Lauder,Serum Phục Hồi Advanced Night Repair,30ml,1.500.000 đ,1.800.000 đ,15.0,https://down-vn.img.susercontent.com/file/vn-11134207-81ztc-mld5o6t755vl5c.webp,"Serum Phục Hồi Advanced Night Repair từ thương hiệu Estee Lauder là giải pháp hoàn hảo giúp nuôi dưỡng, cấp ẩm và chăm sóc chuyên sâu cho làn da của bạn. Sản phẩm chứa các thành phần an toàn, có kết cấu dễ thẩm thấu, phù hợp sử dụng hàng ngày để duy trì một làn da khỏe mạnh, rạng rỡ và tràn đầy sức sống."
Skincare,La Roche Posay,Serum Hyalu B5,30ml,950.000 đ,1.200.000 đ,18.0,https://down-vn.img.susercontent.com/file/vn-11134207-81ztc-mma9ym8bl6o84a.webp,"Serum Hyalu B5 từ thương hiệu La Roche Posay là giải pháp hoàn hảo giúp nuôi dưỡng, cấp ẩm và chăm sóc chuyên sâu cho làn da của bạn. Sản phẩm chứa các thành phần an toàn, có kết cấu dễ thẩm thấu, phù hợp sử dụng hàng ngày để duy trì một làn da khỏe mạnh, rạng rỡ và tràn đầy sức sống."
Skincare,Vichy,Serum Mineral 89,50ml,1.100.000 đ,1.300.000 đ,14.0,https://down-vn.img.susercontent.com/file/sg-11134253-821cz-mh6vpv6viyvib4.webp,"Serum Mineral 89 từ thương hiệu Vichy là giải pháp hoàn hảo giúp nuôi dưỡng, cấp ẩm và chăm sóc chuyên sâu cho làn da của bạn. Sản phẩm chứa các thành phần an toàn, có kết cấu dễ thẩm thấu, phù hợp sử dụng hàng ngày để duy trì một làn da khỏe mạnh, rạng rỡ và tràn đầy sức sống."
Skincare,Kiehl's,Serum Clearly Corrective Dark Spot,30ml,1.700.000 đ,2.000.000 đ,10.0,https://down-vn.img.susercontent.com/file/sg-11134201-7rdvw-mcddh8cgerq867.webp,"Serum Clearly Corrective Dark Spot từ thương hiệu Kiehl's là giải pháp hoàn hảo giúp nuôi dưỡng, cấp ẩm và chăm sóc chuyên sâu cho làn da của bạn. Sản phẩm chứa các thành phần an toàn, có kết cấu dễ thẩm thấu, phù hợp sử dụng hàng ngày để duy trì một làn da khỏe mạnh, rạng rỡ và tràn đầy sức sống."
Skincare,The Ordinary,Serum Niacinamide 10% + Zinc 1%,30ml,350.000 đ,450.000 đ,40.0,https://down-vn.img.susercontent.com/file/sg-11134253-824jk-meiu1kg4kp3579@resize_w900_nl.webp,"Serum Niacinamide 10% + Zinc 1% từ thương hiệu The Ordinary là giải pháp hoàn hảo giúp nuôi dưỡng, cấp ẩm và chăm sóc chuyên sâu cho làn da của bạn. Sản phẩm chứa các thành phần an toàn, có kết cấu dễ thẩm thấu, phù hợp sử dụng hàng ngày để duy trì một làn da khỏe mạnh, rạng rỡ và tràn đầy sức sống."
Skincare,The Ordinary,Serum Hyaluronic Acid 2% + B5,30ml,380.000 đ,480.000 đ,35.0,https://down-vn.img.susercontent.com/file/a387cb31d169c6f9f0a3e447cc8f2565@resize_w900_nl.webp,"Serum Hyaluronic Acid 2% + B5 từ thương hiệu The Ordinary là giải pháp hoàn hảo giúp nuôi dưỡng, cấp ẩm và chăm sóc chuyên sâu cho làn da của bạn. Sản phẩm chứa các thành phần an toàn, có kết cấu dễ thẩm thấu, phù hợp sử dụng hàng ngày để duy trì một làn da khỏe mạnh, rạng rỡ và tràn đầy sức sống."
Skincare,The Ordinary,Serum Retinol 0.5%,30ml,420.000 đ,520.000 đ,22.0,https://down-vn.img.susercontent.com/file/sg-11134253-821do-mgh00g60bgg955.webp,"Serum Retinol 0.5% từ thương hiệu The Ordinary là giải pháp hoàn hảo giúp nuôi dưỡng, cấp ẩm và chăm sóc chuyên sâu cho làn da của bạn. Sản phẩm chứa các thành phần an toàn, có kết cấu dễ thẩm thấu, phù hợp sử dụng hàng ngày để duy trì một làn da khỏe mạnh, rạng rỡ và tràn đầy sức sống."
Skincare,CeraVe,Sữa Rửa Mặt Foaming Cleanser,236ml,390.000 đ,500.000 đ,30.0,https://down-vn.img.susercontent.com/file/sg-11134201-820mc-mns7pzv3glj829.webp,"Sữa Rửa Mặt Foaming Cleanser từ thương hiệu CeraVe là giải pháp hoàn hảo giúp nuôi dưỡng, cấp ẩm và chăm sóc chuyên sâu cho làn da của bạn. Sản phẩm chứa các thành phần an toàn, có kết cấu dễ thẩm thấu, phù hợp sử dụng hàng ngày để duy trì một làn da khỏe mạnh, rạng rỡ và tràn đầy sức sống."
Skincare,CeraVe,Sữa Rửa Mặt Hydrating Cleanser,236ml,390.000 đ,500.000 đ,28.0,https://down-vn.img.susercontent.com/file/sg-11134201-820np-mns7q01mtkp272@resize_w900_nl.webp,"Sữa Rửa Mặt Hydrating Cleanser từ thương hiệu CeraVe là giải pháp hoàn hảo giúp nuôi dưỡng, cấp ẩm và chăm sóc chuyên sâu cho làn da của bạn. Sản phẩm chứa các thành phần an toàn, có kết cấu dễ thẩm thấu, phù hợp sử dụng hàng ngày để duy trì một làn da khỏe mạnh, rạng rỡ và tràn đầy sức sống."
Skincare,CeraVe,Kem Dưỡng Ẩm Moisturizing Cream,340g,480.000 đ,600.000 đ,16.0,https://down-vn.img.susercontent.com/file/sg-11134253-7ratz-ma23edjeyrvm0d@resize_w900_nl.webp,"Kem Dưỡng Ẩm Moisturizing Cream từ thương hiệu CeraVe là giải pháp hoàn hảo giúp nuôi dưỡng, cấp ẩm và chăm sóc chuyên sâu cho làn da của bạn. Sản phẩm chứa các thành phần an toàn, có kết cấu dễ thẩm thấu, phù hợp sử dụng hàng ngày để duy trì một làn da khỏe mạnh, rạng rỡ và tràn đầy sức sống."
Skincare,Cetaphil,Sữa Rửa Mặt Gentle Skin Cleanser,500ml,420.000 đ,520.000 đ,32.0,https://down-vn.img.susercontent.com/file/vn-11134207-7ra0g-m8ucd6at9idgd5@resize_w900_nl.webp,"Sữa Rửa Mặt Gentle Skin Cleanser từ thương hiệu Cetaphil là giải pháp hoàn hảo giúp nuôi dưỡng, cấp ẩm và chăm sóc chuyên sâu cho làn da của bạn. Sản phẩm chứa các thành phần an toàn, có kết cấu dễ thẩm thấu, phù hợp sử dụng hàng ngày để duy trì một làn da khỏe mạnh, rạng rỡ và tràn đầy sức sống."
Skincare,Cetaphil,Kem Dưỡng Moisturizing Lotion,500ml,450.000 đ,560.000 đ,20.0,https://down-vn.img.susercontent.com/file/vn-11134258-81ztc-mmpn5o534ft15b,"Kem Dưỡng Moisturizing Lotion từ thương hiệu Cetaphil là giải pháp hoàn hảo giúp nuôi dưỡng, cấp ẩm và chăm sóc chuyên sâu cho làn da của bạn. Sản phẩm chứa các thành phần an toàn, có kết cấu dễ thẩm thấu, phù hợp sử dụng hàng ngày để duy trì một làn da khỏe mạnh, rạng rỡ và tràn đầy sức sống."
Skincare,Bioderma,Nước Tẩy Trang Sensibio H2O,500ml,420.000 đ,500.000 đ,26.0,https://down-vn.img.susercontent.com/file/sg-11134253-81zwu-miukevp2shz505.webp,"Nước Tẩy Trang Sensibio H2O từ thương hiệu Bioderma là giải pháp hoàn hảo giúp nuôi dưỡng, cấp ẩm và chăm sóc chuyên sâu cho làn da của bạn. Sản phẩm chứa các thành phần an toàn, có kết cấu dễ thẩm thấu, phù hợp sử dụng hàng ngày để duy trì một làn da khỏe mạnh, rạng rỡ và tràn đầy sức sống."
Skincare,Bioderma,Nước Tẩy Trang Sebium H2O,500ml,420.000 đ,500.000 đ,21.0,https://down-vn.img.susercontent.com/file/sg-11134253-81zvr-miuiav2b8zcw23@resize_w900_nl.webp,"Nước Tẩy Trang Sebium H2O từ thương hiệu Bioderma là giải pháp hoàn hảo giúp nuôi dưỡng, cấp ẩm và chăm sóc chuyên sâu cho làn da của bạn. Sản phẩm chứa các thành phần an toàn, có kết cấu dễ thẩm thấu, phù hợp sử dụng hàng ngày để duy trì một làn da khỏe mạnh, rạng rỡ và tràn đầy sức sống."
Skincare,SVR,Kem Chống Nắng Sun Secure,SPF50+,520.000 đ,650.000 đ,14.0,https://down-vn.img.susercontent.com/file/vn-11134258-81ztc-mmpn5o534ft15b,"Kem Chống Nắng Sun Secure từ thương hiệu SVR là giải pháp hoàn hảo giúp nuôi dưỡng, cấp ẩm và chăm sóc chuyên sâu cho làn da của bạn. Sản phẩm chứa các thành phần an toàn, có kết cấu dễ thẩm thấu, phù hợp sử dụng hàng ngày để duy trì một làn da khỏe mạnh, rạng rỡ và tràn đầy sức sống."
Skincare,Anessa,Kem Chống Nắng Perfect UV Milk,60ml,720.000 đ,850.000 đ,19.0,https://down-vn.img.susercontent.com/file/sg-11134253-820li-mnafuir58c1x35.webp,"Kem Chống Nắng Perfect UV Milk từ thương hiệu Anessa là giải pháp hoàn hảo giúp nuôi dưỡng, cấp ẩm và chăm sóc chuyên sâu cho làn da của bạn. Sản phẩm chứa các thành phần an toàn, có kết cấu dễ thẩm thấu, phù hợp sử dụng hàng ngày để duy trì một làn da khỏe mạnh, rạng rỡ và tràn đầy sức sống."
Skincare,Skin1004,Tinh Chất Madagascar Centella,100ml,520.000 đ,620.000 đ,30.0,https://down-vn.img.susercontent.com/file/c5f9103e2c475769af283cee05ae2318.webp,"Tinh Chất Madagascar Centella từ thương hiệu Skin1004 là giải pháp hoàn hảo giúp nuôi dưỡng, cấp ẩm và chăm sóc chuyên sâu cho làn da của bạn. Sản phẩm chứa các thành phần an toàn, có kết cấu dễ thẩm thấu, phù hợp sử dụng hàng ngày để duy trì một làn da khỏe mạnh, rạng rỡ và tràn đầy sức sống."
Skincare,Skin1004,Kem Chống Nắng Hyalu-Cica,50ml,360.000 đ,450.000 đ,25.0,https://down-vn.img.susercontent.com/file/vn-11134207-81ztc-mln4x9cjg83o64.webp,"Kem Chống Nắng Hyalu-Cica từ thương hiệu Skin1004 là giải pháp hoàn hảo giúp nuôi dưỡng, cấp ẩm và chăm sóc chuyên sâu cho làn da của bạn. Sản phẩm chứa các thành phần an toàn, có kết cấu dễ thẩm thấu, phù hợp sử dụng hàng ngày để duy trì một làn da khỏe mạnh, rạng rỡ và tràn đầy sức sống."
Skincare,Laneige,Mặt Nạ Ngủ Water Sleeping Mask,70ml,680.000 đ,820.000 đ,17.0,https://down-vn.img.susercontent.com/file/7ac77398657276db35f9e3a5609c96f0.webp,"Mặt Nạ Ngủ Water Sleeping Mask từ thương hiệu Laneige là giải pháp hoàn hảo giúp nuôi dưỡng, cấp ẩm và chăm sóc chuyên sâu cho làn da của bạn. Sản phẩm chứa các thành phần an toàn, có kết cấu dễ thẩm thấu, phù hợp sử dụng hàng ngày để duy trì một làn da khỏe mạnh, rạng rỡ và tràn đầy sức sống."
Skincare,Laneige,Kem Dưỡng Water Bank Blue HA,50ml,850.000 đ,1.000.000 đ,15.0,https://down-vn.img.susercontent.com/file/vn-11134207-7ras8-m1wmib5ox177ec.webp,"Kem Dưỡng Water Bank Blue HA từ thương hiệu Laneige là giải pháp hoàn hảo giúp nuôi dưỡng, cấp ẩm và chăm sóc chuyên sâu cho làn da của bạn. Sản phẩm chứa các thành phần an toàn, có kết cấu dễ thẩm thấu, phù hợp sử dụng hàng ngày để duy trì một làn da khỏe mạnh, rạng rỡ và tràn đầy sức sống."
Skincare,Innisfree,Serum Green Tea Seed,80ml,620.000 đ,760.000 đ,20.0,https://down-vn.img.susercontent.com/file/vn-11134201-7ra0g-m8tu2w5qmgck18.webp,"Serum Green Tea Seed từ thương hiệu Innisfree là giải pháp hoàn hảo giúp nuôi dưỡng, cấp ẩm và chăm sóc chuyên sâu cho làn da của bạn. Sản phẩm chứa các thành phần an toàn, có kết cấu dễ thẩm thấu, phù hợp sử dụng hàng ngày để duy trì một làn da khỏe mạnh, rạng rỡ và tràn đầy sức sống."
Skincare,Innisfree,Sữa Rửa Mặt Green Tea,150ml,250.000 đ,320.000 đ,35.0,https://down-vn.img.susercontent.com/file/sg-11134253-8262a-mlmjlsx1y2v625.webp,"Sữa Rửa Mặt Green Tea từ thương hiệu Innisfree là giải pháp hoàn hảo giúp nuôi dưỡng, cấp ẩm và chăm sóc chuyên sâu cho làn da của bạn. Sản phẩm chứa các thành phần an toàn, có kết cấu dễ thẩm thấu, phù hợp sử dụng hàng ngày để duy trì một làn da khỏe mạnh, rạng rỡ và tràn đầy sức sống."
Skincare,Some By Mi,Serum AHA BHA PHA,50ml,420.000 đ,520.000 đ,28.0,https://down-vn.img.susercontent.com/file/vn-11134207-7r98o-lxrt1rsq13o96d.webp,"Serum AHA BHA PHA từ thương hiệu Some By Mi là giải pháp hoàn hảo giúp nuôi dưỡng, cấp ẩm và chăm sóc chuyên sâu cho làn da của bạn. Sản phẩm chứa các thành phần an toàn, có kết cấu dễ thẩm thấu, phù hợp sử dụng hàng ngày để duy trì một làn da khỏe mạnh, rạng rỡ và tràn đầy sức sống."
Skincare,Some By Mi,Toner Miracle,150ml,380.000 đ,480.000 đ,18.0,https://down-vn.img.susercontent.com/file/sg-11134207-820n7-mnxvdwnofcaw9e.webp,"Toner Miracle từ thương hiệu Some By Mi là giải pháp hoàn hảo giúp nuôi dưỡng, cấp ẩm và chăm sóc chuyên sâu cho làn da của bạn. Sản phẩm chứa các thành phần an toàn, có kết cấu dễ thẩm thấu, phù hợp sử dụng hàng ngày để duy trì một làn da khỏe mạnh, rạng rỡ và tràn đầy sức sống."
Skincare,Cosrx,Essence Snail 96,100ml,520.000 đ,650.000 đ,22.0,https://down-vn.img.susercontent.com/file/sg-11134201-82301-mocu6t1j9yxb51.webp,"Essence Snail 96 từ thương hiệu Cosrx là giải pháp hoàn hảo giúp nuôi dưỡng, cấp ẩm và chăm sóc chuyên sâu cho làn da của bạn. Sản phẩm chứa các thành phần an toàn, có kết cấu dễ thẩm thấu, phù hợp sử dụng hàng ngày để duy trì một làn da khỏe mạnh, rạng rỡ và tràn đầy sức sống."
Skincare,Cosrx,Kem Dưỡng Snail 92,100g,520.000 đ,650.000 đ,20.0,https://down-vn.img.susercontent.com/file/sg-11134201-822x5-mocu6t4kzxfzba@resize_w900_nl.webp,"Kem Dưỡng Snail 92 từ thương hiệu Cosrx là giải pháp hoàn hảo giúp nuôi dưỡng, cấp ẩm và chăm sóc chuyên sâu cho làn da của bạn. Sản phẩm chứa các thành phần an toàn, có kết cấu dễ thẩm thấu, phù hợp sử dụng hàng ngày để duy trì một làn da khỏe mạnh, rạng rỡ và tràn đầy sức sống."
Skincare,Cosrx,Sữa Rửa Mặt Low pH,150ml,260.000 đ,320.000 đ,34.0,https://down-vn.img.susercontent.com/file/vn-11134207-81ztc-mmfskx9inpq904@resize_w900_nl.webp,"Sữa Rửa Mặt Low pH từ thương hiệu Cosrx là giải pháp hoàn hảo giúp nuôi dưỡng, cấp ẩm và chăm sóc chuyên sâu cho làn da của bạn. Sản phẩm chứa các thành phần an toàn, có kết cấu dễ thẩm thấu, phù hợp sử dụng hàng ngày để duy trì một làn da khỏe mạnh, rạng rỡ và tràn đầy sức sống."
Skincare,Hada Labo,Lotion Gokujyun,170ml,280.000 đ,350.000 đ,42.0,https://down-vn.img.susercontent.com/file/vn-11134207-820l4-mefmhbow505ebf@resize_w900_nl.webp,"Lotion Gokujyun từ thương hiệu Hada Labo là giải pháp hoàn hảo giúp nuôi dưỡng, cấp ẩm và chăm sóc chuyên sâu cho làn da của bạn. Sản phẩm chứa các thành phần an toàn, có kết cấu dễ thẩm thấu, phù hợp sử dụng hàng ngày để duy trì một làn da khỏe mạnh, rạng rỡ và tràn đầy sức sống."
Skincare,Hada Labo,Kem Dưỡng Perfect Gel,100g,390.000 đ,480.000 đ,16.0,https://down-vn.img.susercontent.com/file/a1852abc003a11a38a019237ea8060d8.webp,"Kem Dưỡng Perfect Gel từ thương hiệu Hada Labo là giải pháp hoàn hảo giúp nuôi dưỡng, cấp ẩm và chăm sóc chuyên sâu cho làn da của bạn. Sản phẩm chứa các thành phần an toàn, có kết cấu dễ thẩm thấu, phù hợp sử dụng hàng ngày để duy trì một làn da khỏe mạnh, rạng rỡ và tràn đầy sức sống."
Skincare,Paula's Choice,Skin Perfecting 2% BHA,118ml,980.000 đ,1.200.000 đ,10.0,https://down-vn.img.susercontent.com/file/sg-11134201-822z1-mo9z81euqvin19@resize_w900_nl.webp,"Skin Perfecting 2% BHA từ thương hiệu Paula's Choice là giải pháp hoàn hảo giúp nuôi dưỡng, cấp ẩm và chăm sóc chuyên sâu cho làn da của bạn. Sản phẩm chứa các thành phần an toàn, có kết cấu dễ thẩm thấu, phù hợp sử dụng hàng ngày để duy trì một làn da khỏe mạnh, rạng rỡ và tràn đầy sức sống."
Skincare,Paula's Choice,Resist Super Antioxidant,30ml,1.200.000 đ,1.450.000 đ,8.0,https://down-vn.img.susercontent.com/file/vn-11134258-81ztc-mmpn5o534ft15b,"Resist Super Antioxidant từ thương hiệu Paula's Choice là giải pháp hoàn hảo giúp nuôi dưỡng, cấp ẩm và chăm sóc chuyên sâu cho làn da của bạn. Sản phẩm chứa các thành phần an toàn, có kết cấu dễ thẩm thấu, phù hợp sử dụng hàng ngày để duy trì một làn da khỏe mạnh, rạng rỡ và tràn đầy sức sống."
Skincare,Eucerin,Serum Spotless Brightening,30ml,850.000 đ,1.000.000 đ,15.0,https://down-vn.img.susercontent.com/file/vn-11134207-81ztc-mnxtqxqnprsw34.webp,"Serum Spotless Brightening từ thương hiệu Eucerin là giải pháp hoàn hảo giúp nuôi dưỡng, cấp ẩm và chăm sóc chuyên sâu cho làn da của bạn. Sản phẩm chứa các thành phần an toàn, có kết cấu dễ thẩm thấu, phù hợp sử dụng hàng ngày để duy trì một làn da khỏe mạnh, rạng rỡ và tràn đầy sức sống."
Skincare,Eucerin,Kem Chống Nắng Oil Control,50ml,520.000 đ,650.000 đ,25.0,https://down-vn.img.susercontent.com/file/vn-11134207-81ztc-mkhsbmol1uyq83.webp,"Kem Chống Nắng Oil Control từ thương hiệu Eucerin là giải pháp hoàn hảo giúp nuôi dưỡng, cấp ẩm và chăm sóc chuyên sâu cho làn da của bạn. Sản phẩm chứa các thành phần an toàn, có kết cấu dễ thẩm thấu, phù hợp sử dụng hàng ngày để duy trì một làn da khỏe mạnh, rạng rỡ và tràn đầy sức sống."
Skincare,Avene,Xịt Khoáng Thermal Spring Water,300ml,420.000 đ,520.000 đ,30.0,https://down-vn.img.susercontent.com/file/sg-11134201-8262n-ml93xpz012q7ec.webp,"Xịt Khoáng Thermal Spring Water từ thương hiệu Avene là giải pháp hoàn hảo giúp nuôi dưỡng, cấp ẩm và chăm sóc chuyên sâu cho làn da của bạn. Sản phẩm chứa các thành phần an toàn, có kết cấu dễ thẩm thấu, phù hợp sử dụng hàng ngày để duy trì một làn da khỏe mạnh, rạng rỡ và tràn đầy sức sống."
Skincare,Avene,Kem Cicalfate+,40ml,350.000 đ,420.000 đ,22.0,https://down-vn.img.susercontent.com/file/vn-11134207-820l4-mfkvd716usy139.webp,"Kem Cicalfate+ từ thương hiệu Avene là giải pháp hoàn hảo giúp nuôi dưỡng, cấp ẩm và chăm sóc chuyên sâu cho làn da của bạn. Sản phẩm chứa các thành phần an toàn, có kết cấu dễ thẩm thấu, phù hợp sử dụng hàng ngày để duy trì một làn da khỏe mạnh, rạng rỡ và tràn đầy sức sống."
Skincare,Klairs,Toner Supple Preparation,180ml,420.000 đ,520.000 đ,24.0,https://down-vn.img.susercontent.com/file/vn-11134207-7r98o-lvbiyyd9itlwb9@resize_w900_nl.webp,"Toner Supple Preparation từ thương hiệu Klairs là giải pháp hoàn hảo giúp nuôi dưỡng, cấp ẩm và chăm sóc chuyên sâu cho làn da của bạn. Sản phẩm chứa các thành phần an toàn, có kết cấu dễ thẩm thấu, phù hợp sử dụng hàng ngày để duy trì một làn da khỏe mạnh, rạng rỡ và tràn đầy sức sống."
Skincare,Klairs,Serum Vitamin Drop,35ml,480.000 đ,580.000 đ,18.0,https://down-vn.img.susercontent.com/file/vn-11134207-81ztc-mo0h2adncsuedb.webp,"Serum Vitamin Drop từ thương hiệu Klairs là giải pháp hoàn hảo giúp nuôi dưỡng, cấp ẩm và chăm sóc chuyên sâu cho làn da của bạn. Sản phẩm chứa các thành phần an toàn, có kết cấu dễ thẩm thấu, phù hợp sử dụng hàng ngày để duy trì một làn da khỏe mạnh, rạng rỡ và tràn đầy sức sống."
Skincare,Neutrogena,Hydro Boost Water Gel,50g,420.000 đ,520.000 đ,16.0,https://down-vn.img.susercontent.com/file/sg-11134253-81ztx-miqbdqcl36dd1c.webp,"Hydro Boost Water Gel từ thương hiệu Neutrogena là giải pháp hoàn hảo giúp nuôi dưỡng, cấp ẩm và chăm sóc chuyên sâu cho làn da của bạn. Sản phẩm chứa các thành phần an toàn, có kết cấu dễ thẩm thấu, phù hợp sử dụng hàng ngày để duy trì một làn da khỏe mạnh, rạng rỡ và tràn đầy sức sống."
Skincare,Neutrogena,Sữa Rửa Mặt Deep Clean,100g,180.000 đ,250.000 đ,45.0,https://down-vn.img.susercontent.com/file/vn-11134258-81ztc-mmpn5o534ft15b,"Sữa Rửa Mặt Deep Clean từ thương hiệu Neutrogena là giải pháp hoàn hảo giúp nuôi dưỡng, cấp ẩm và chăm sóc chuyên sâu cho làn da của bạn. Sản phẩm chứa các thành phần an toàn, có kết cấu dễ thẩm thấu, phù hợp sử dụng hàng ngày để duy trì một làn da khỏe mạnh, rạng rỡ và tràn đầy sức sống."
Skincare,Olay,Kem Dưỡng Regenerist,50g,790.000 đ,920.000 đ,12.0,https://down-vn.img.susercontent.com/file/vn-11134207-81ztc-mlrjwdr05ibsf7.webp,"Kem Dưỡng Regenerist từ thương hiệu Olay là giải pháp hoàn hảo giúp nuôi dưỡng, cấp ẩm và chăm sóc chuyên sâu cho làn da của bạn. Sản phẩm chứa các thành phần an toàn, có kết cấu dễ thẩm thấu, phù hợp sử dụng hàng ngày để duy trì một làn da khỏe mạnh, rạng rỡ và tràn đầy sức sống."
Skincare,Olay,Serum Retinol 24,30ml,850.000 đ,980.000 đ,10.0,https://down-vn.img.susercontent.com/file/vn-11134207-81ztc-mmtz0bs0wu0xee.webp,"Serum Retinol 24 từ thương hiệu Olay là giải pháp hoàn hảo giúp nuôi dưỡng, cấp ẩm và chăm sóc chuyên sâu cho làn da của bạn. Sản phẩm chứa các thành phần an toàn, có kết cấu dễ thẩm thấu, phù hợp sử dụng hàng ngày để duy trì một làn da khỏe mạnh, rạng rỡ và tràn đầy sức sống."
Skincare,Senka,Sữa Rửa Mặt Perfect Whip,120g,120.000 đ,180.000 đ,50.0,https://down-vn.img.susercontent.com/file/vn-11134201-7ras8-mbxoxpd97cut88.webp,"Sữa Rửa Mặt Perfect Whip từ thương hiệu Senka là giải pháp hoàn hảo giúp nuôi dưỡng, cấp ẩm và chăm sóc chuyên sâu cho làn da của bạn. Sản phẩm chứa các thành phần an toàn, có kết cấu dễ thẩm thấu, phù hợp sử dụng hàng ngày để duy trì một làn da khỏe mạnh, rạng rỡ và tràn đầy sức sống."
Skincare,Senka,Kem Chống Nắng Perfect UV,50ml,220.000 đ,280.000 đ,26.0,https://down-vn.img.susercontent.com/file/vn-11134207-81ztc-mmyaiyinsmio53.webp,"Kem Chống Nắng Perfect UV từ thương hiệu Senka là giải pháp hoàn hảo giúp nuôi dưỡng, cấp ẩm và chăm sóc chuyên sâu cho làn da của bạn. Sản phẩm chứa các thành phần an toàn, có kết cấu dễ thẩm thấu, phù hợp sử dụng hàng ngày để duy trì một làn da khỏe mạnh, rạng rỡ và tràn đầy sức sống."
Skincare,Nivea,Kem Dưỡng Soft Cream,200ml,180.000 đ,240.000 đ,35.0,https://down-vn.img.susercontent.com/file/sg-11134201-821fm-mgozecydktn223.webp,"Kem Dưỡng Soft Cream từ thương hiệu Nivea là giải pháp hoàn hảo giúp nuôi dưỡng, cấp ẩm và chăm sóc chuyên sâu cho làn da của bạn. Sản phẩm chứa các thành phần an toàn, có kết cấu dễ thẩm thấu, phù hợp sử dụng hàng ngày để duy trì một làn da khỏe mạnh, rạng rỡ và tràn đầy sức sống."
Skincare,Nivea,Nước Tẩy Trang Micellar,400ml,180.000 đ,250.000 đ,28.0,https://down-vn.img.susercontent.com/file/cn-11134207-820l4-mjtnk60ywnb7e7.webp,"Nước Tẩy Trang Micellar từ thương hiệu Nivea là giải pháp hoàn hảo giúp nuôi dưỡng, cấp ẩm và chăm sóc chuyên sâu cho làn da của bạn. Sản phẩm chứa các thành phần an toàn, có kết cấu dễ thẩm thấu, phù hợp sử dụng hàng ngày để duy trì một làn da khỏe mạnh, rạng rỡ và tràn đầy sức sống."
Skincare,Garnier,Serum Vitamin C,30ml,320.000 đ,420.000 đ,24.0,https://down-vn.img.susercontent.com/file/vn-11134207-81ztc-mmydtmdikoox23@resize_w900_nl.webp,"Serum Vitamin C từ thương hiệu Garnier là giải pháp hoàn hảo giúp nuôi dưỡng, cấp ẩm và chăm sóc chuyên sâu cho làn da của bạn. Sản phẩm chứa các thành phần an toàn, có kết cấu dễ thẩm thấu, phù hợp sử dụng hàng ngày để duy trì một làn da khỏe mạnh, rạng rỡ và tràn đầy sức sống."
Skincare,Garnier,Nước Tẩy Trang Micellar,400ml,180.000 đ,250.000 đ,32.0,https://down-vn.img.susercontent.com/file/vn-11134207-7r98o-lq2qbr73a3tef9.webp,"Nước Tẩy Trang Micellar từ thương hiệu Garnier là giải pháp hoàn hảo giúp nuôi dưỡng, cấp ẩm và chăm sóc chuyên sâu cho làn da của bạn. Sản phẩm chứa các thành phần an toàn, có kết cấu dễ thẩm thấu, phù hợp sử dụng hàng ngày để duy trì một làn da khỏe mạnh, rạng rỡ và tràn đầy sức sống."
Skincare,L'Oreal,Serum Revitalift HA,30ml,620.000 đ,760.000 đ,14.0,https://down-vn.img.susercontent.com/file/vn-11134207-820l4-mfkobgy8rax79b@resize_w900_nl.webp,"Serum Revitalift HA từ thương hiệu L'Oreal là giải pháp hoàn hảo giúp nuôi dưỡng, cấp ẩm và chăm sóc chuyên sâu cho làn da của bạn. Sản phẩm chứa các thành phần an toàn, có kết cấu dễ thẩm thấu, phù hợp sử dụng hàng ngày để duy trì một làn da khỏe mạnh, rạng rỡ và tràn đầy sức sống."
Skincare,L'Oreal,Kem Dưỡng Revitalift,50ml,680.000 đ,820.000 đ,10.0,https://down-vn.img.susercontent.com/file/vn-11134207-820l4-mfkyvkkxpw5ofc.webp,"Kem Dưỡng Revitalift từ thương hiệu L'Oreal là giải pháp hoàn hảo giúp nuôi dưỡng, cấp ẩm và chăm sóc chuyên sâu cho làn da của bạn. Sản phẩm chứa các thành phần an toàn, có kết cấu dễ thẩm thấu, phù hợp sử dụng hàng ngày để duy trì một làn da khỏe mạnh, rạng rỡ và tràn đầy sức sống."
Skincare,Simple,Sữa Rửa Mặt Refreshing,150ml,180.000 đ,240.000 đ,40.0,https://down-vn.img.susercontent.com/file/vn-11134207-820l4-mg398lx7cw0c57@resize_w900_nl.webp,"Sữa Rửa Mặt Refreshing từ thương hiệu Simple là giải pháp hoàn hảo giúp nuôi dưỡng, cấp ẩm và chăm sóc chuyên sâu cho làn da của bạn. Sản phẩm chứa các thành phần an toàn, có kết cấu dễ thẩm thấu, phù hợp sử dụng hàng ngày để duy trì một làn da khỏe mạnh, rạng rỡ và tràn đầy sức sống."
Skincare,Simple,Nước Tẩy Trang Micellar,400ml,220.000 đ,280.000 đ,36.0,https://down-vn.img.susercontent.com/file/vn-11134207-81ztc-mm18a8gi3evcce@resize_w900_nl.webp,"Nước Tẩy Trang Micellar từ thương hiệu Simple là giải pháp hoàn hảo giúp nuôi dưỡng, cấp ẩm và chăm sóc chuyên sâu cho làn da của bạn. Sản phẩm chứa các thành phần an toàn, có kết cấu dễ thẩm thấu, phù hợp sử dụng hàng ngày để duy trì một làn da khỏe mạnh, rạng rỡ và tràn đầy sức sống."
Skincare,Torriden,Serum Dive-In,50ml,480.000 đ,580.000 đ,18.0,https://down-vn.img.susercontent.com/file/sg-11134207-820mw-mo3np4hv8l4ybf.webp,"Serum Dive-In từ thương hiệu Torriden là giải pháp hoàn hảo giúp nuôi dưỡng, cấp ẩm và chăm sóc chuyên sâu cho làn da của bạn. Sản phẩm chứa các thành phần an toàn, có kết cấu dễ thẩm thấu, phù hợp sử dụng hàng ngày để duy trì một làn da khỏe mạnh, rạng rỡ và tràn đầy sức sống."
Skincare,Torriden,Kem Dưỡng Dive-In,80ml,520.000 đ,620.000 đ,15.0,https://down-vn.img.susercontent.com/file/sg-11134207-822yk-modaz9vpmo0ed8@resize_w900_nl.webp,"Kem Dưỡng Dive-In từ thương hiệu Torriden là giải pháp hoàn hảo giúp nuôi dưỡng, cấp ẩm và chăm sóc chuyên sâu cho làn da của bạn. Sản phẩm chứa các thành phần an toàn, có kết cấu dễ thẩm thấu, phù hợp sử dụng hàng ngày để duy trì một làn da khỏe mạnh, rạng rỡ và tràn đầy sức sống."
Skincare,Round Lab,Toner Dokdo,200ml,420.000 đ,520.000 đ,24.0,https://down-vn.img.susercontent.com/file/sg-11134201-81zul-mmow7n92ytjce8.webp,"Toner Dokdo từ thương hiệu Round Lab là giải pháp hoàn hảo giúp nuôi dưỡng, cấp ẩm và chăm sóc chuyên sâu cho làn da của bạn. Sản phẩm chứa các thành phần an toàn, có kết cấu dễ thẩm thấu, phù hợp sử dụng hàng ngày để duy trì một làn da khỏe mạnh, rạng rỡ và tràn đầy sức sống."
Skincare,Round Lab,Kem Chống Nắng Birch Juice,50ml,360.000 đ,450.000 đ,30.0,https://down-vn.img.susercontent.com/file/sg-11134201-81zvc-mmow6dm2oe8182.webp,"Kem Chống Nắng Birch Juice từ thương hiệu Round Lab là giải pháp hoàn hảo giúp nuôi dưỡng, cấp ẩm và chăm sóc chuyên sâu cho làn da của bạn. Sản phẩm chứa các thành phần an toàn, có kết cấu dễ thẩm thấu, phù hợp sử dụng hàng ngày để duy trì một làn da khỏe mạnh, rạng rỡ và tràn đầy sức sống."
Skincare,Dr.G,Kem Dưỡng Red Blemish,70ml,520.000 đ,620.000 đ,16.0,https://down-vn.img.susercontent.com/file/vn-11134207-820l4-miazhiyv63uw27.webp,"Kem Dưỡng Red Blemish từ thương hiệu Dr.G là giải pháp hoàn hảo giúp nuôi dưỡng, cấp ẩm và chăm sóc chuyên sâu cho làn da của bạn. Sản phẩm chứa các thành phần an toàn, có kết cấu dễ thẩm thấu, phù hợp sử dụng hàng ngày để duy trì một làn da khỏe mạnh, rạng rỡ và tràn đầy sức sống."
Skincare,Dr.G,Kem Chống Nắng Green Mild,50ml,380.000 đ,480.000 đ,25.0,https://down-vn.img.susercontent.com/file/sg-11134201-8262a-mk5jpuyz8jk28a.webp,"Kem Chống Nắng Green Mild từ thương hiệu Dr.G là giải pháp hoàn hảo giúp nuôi dưỡng, cấp ẩm và chăm sóc chuyên sâu cho làn da của bạn. Sản phẩm chứa các thành phần an toàn, có kết cấu dễ thẩm thấu, phù hợp sử dụng hàng ngày để duy trì một làn da khỏe mạnh, rạng rỡ và tràn đầy sức sống."
Skincare,IOPE,Serum Bio Essence,168ml,980.000 đ,1.200.000 đ,10.0,https://down-vn.img.susercontent.com/file/vn-11134207-81ztc-ml7nc1x5aqyrd4.webp,"Serum Bio Essence từ thương hiệu IOPE là giải pháp hoàn hảo giúp nuôi dưỡng, cấp ẩm và chăm sóc chuyên sâu cho làn da của bạn. Sản phẩm chứa các thành phần an toàn, có kết cấu dễ thẩm thấu, phù hợp sử dụng hàng ngày để duy trì một làn da khỏe mạnh, rạng rỡ và tràn đầy sức sống."
Skincare,Sulwhasoo,Serum First Care Activating,60ml,1.800.000 đ,2.200.000 đ,8.0,https://down-vn.img.susercontent.com/file/vn-11134207-81ztc-modq3w35v5sc66.webp,"Serum First Care Activating từ thương hiệu Sulwhasoo là giải pháp hoàn hảo giúp nuôi dưỡng, cấp ẩm và chăm sóc chuyên sâu cho làn da của bạn. Sản phẩm chứa các thành phần an toàn, có kết cấu dễ thẩm thấu, phù hợp sử dụng hàng ngày để duy trì một làn da khỏe mạnh, rạng rỡ và tràn đầy sức sống."
Skincare,Sulwhasoo,Kem Dưỡng Ginseng,60ml,2.500.000 đ,3.000.000 đ,6.0,https://down-vn.img.susercontent.com/file/vn-11134207-820l4-mhuauvthr3m0b6.webp,"Kem Dưỡng Ginseng từ thương hiệu Sulwhasoo là giải pháp hoàn hảo giúp nuôi dưỡng, cấp ẩm và chăm sóc chuyên sâu cho làn da của bạn. Sản phẩm chứa các thành phần an toàn, có kết cấu dễ thẩm thấu, phù hợp sử dụng hàng ngày để duy trì một làn da khỏe mạnh, rạng rỡ và tràn đầy sức sống."
Skincare,Shiseido,Serum Ultimune,50ml,2.200.000 đ,2.600.000 đ,7.0,https://down-vn.img.susercontent.com/file/vn-11134207-7ras8-mam9nnjiveu096@resize_w900_nl.webp,"Serum Ultimune từ thương hiệu Shiseido là giải pháp hoàn hảo giúp nuôi dưỡng, cấp ẩm và chăm sóc chuyên sâu cho làn da của bạn. Sản phẩm chứa các thành phần an toàn, có kết cấu dễ thẩm thấu, phù hợp sử dụng hàng ngày để duy trì một làn da khỏe mạnh, rạng rỡ và tràn đầy sức sống."
Skincare,Shiseido,Kem Dưỡng Benefiance,50ml,1.800.000 đ,2.200.000 đ,8.0,https://down-vn.img.susercontent.com/file/vn-11134207-7ras8-mamls7vvy21j29@resize_w900_nl.webp,"Kem Dưỡng Benefiance từ thương hiệu Shiseido là giải pháp hoàn hảo giúp nuôi dưỡng, cấp ẩm và chăm sóc chuyên sâu cho làn da của bạn. Sản phẩm chứa các thành phần an toàn, có kết cấu dễ thẩm thấu, phù hợp sử dụng hàng ngày để duy trì một làn da khỏe mạnh, rạng rỡ và tràn đầy sức sống."
Skincare,SK-II,Facial Treatment Essence,230ml,4.200.000 đ,4.800.000 đ,5.0,https://down-vn.img.susercontent.com/file/vn-11134207-7ras8-mcu25b54irfg16.webp,"Facial Treatment Essence từ thương hiệu SK-II là giải pháp hoàn hảo giúp nuôi dưỡng, cấp ẩm và chăm sóc chuyên sâu cho làn da của bạn. Sản phẩm chứa các thành phần an toàn, có kết cấu dễ thẩm thấu, phù hợp sử dụng hàng ngày để duy trì một làn da khỏe mạnh, rạng rỡ và tràn đầy sức sống."
Skincare,SK-II,Skinpower Cream,80g,3.500.000 đ,4.000.000 đ,6.0,https://down-vn.img.susercontent.com/file/vn-11134207-81ztc-mk2jfoaxevib28.webp,"Skinpower Cream từ thương hiệu SK-II là giải pháp hoàn hảo giúp nuôi dưỡng, cấp ẩm và chăm sóc chuyên sâu cho làn da của bạn. Sản phẩm chứa các thành phần an toàn, có kết cấu dễ thẩm thấu, phù hợp sử dụng hàng ngày để duy trì một làn da khỏe mạnh, rạng rỡ và tràn đầy sức sống."
Skincare,Origins,Mặt Nạ Drink Up,75ml,720.000 đ,850.000 đ,15.0,https://down-vn.img.susercontent.com/file/vn-11134207-81ztc-mmsdu5yxnfnn16@resize_w900_nl.webp,"Mặt Nạ Drink Up từ thương hiệu Origins là giải pháp hoàn hảo giúp nuôi dưỡng, cấp ẩm và chăm sóc chuyên sâu cho làn da của bạn. Sản phẩm chứa các thành phần an toàn, có kết cấu dễ thẩm thấu, phù hợp sử dụng hàng ngày để duy trì một làn da khỏe mạnh, rạng rỡ và tràn đầy sức sống."
Skincare,Origins,Serum Mega Mushroom,50ml,1.200.000 đ,1.450.000 đ,10.0,https://down-vn.img.susercontent.com/file/vn-11134207-7ras8-m0ebvgz7enwv69.webp,"Serum Mega Mushroom từ thương hiệu Origins là giải pháp hoàn hảo giúp nuôi dưỡng, cấp ẩm và chăm sóc chuyên sâu cho làn da của bạn. Sản phẩm chứa các thành phần an toàn, có kết cấu dễ thẩm thấu, phù hợp sử dụng hàng ngày để duy trì một làn da khỏe mạnh, rạng rỡ và tràn đầy sức sống."
Skincare,Fresh,Kem Dưỡng Rose Deep Hydration,50ml,980.000 đ,1.150.000 đ,12.0,https://down-vn.img.susercontent.com/file/vn-11134207-7ras8-mcbse60onyw316.webp,"Kem Dưỡng Rose Deep Hydration từ thương hiệu Fresh là giải pháp hoàn hảo giúp nuôi dưỡng, cấp ẩm và chăm sóc chuyên sâu cho làn da của bạn. Sản phẩm chứa các thành phần an toàn, có kết cấu dễ thẩm thấu, phù hợp sử dụng hàng ngày để duy trì một làn da khỏe mạnh, rạng rỡ và tràn đầy sức sống."
Skincare,Fresh,Toner Rose Floral,250ml,850.000 đ,980.000 đ,14.0,https://down-vn.img.susercontent.com/file/vn-11134207-7r98o-luhloimfwt2d6a.webp,"Toner Rose Floral từ thương hiệu Fresh là giải pháp hoàn hảo giúp nuôi dưỡng, cấp ẩm và chăm sóc chuyên sâu cho làn da của bạn. Sản phẩm chứa các thành phần an toàn, có kết cấu dễ thẩm thấu, phù hợp sử dụng hàng ngày để duy trì một làn da khỏe mạnh, rạng rỡ và tràn đầy sức sống."
Skincare,Belif,Kem Dưỡng Aqua Bomb,50ml,820.000 đ,950.000 đ,16.0,https://image.hsv-tech.io/1920x0/bbx/common/b6851887-fbe5-46a8-b189-e9be2b2d5556.webp,"Kem Dưỡng Aqua Bomb từ thương hiệu Belif là giải pháp hoàn hảo giúp nuôi dưỡng, cấp ẩm và chăm sóc chuyên sâu cho làn da của bạn. Sản phẩm chứa các thành phần an toàn, có kết cấu dễ thẩm thấu, phù hợp sử dụng hàng ngày để duy trì một làn da khỏe mạnh, rạng rỡ và tràn đầy sức sống."
Skincare,Belif,Kem Dưỡng Moisturizing Bomb,50ml,820.000 đ,950.000 đ,16.0,https://cdn.hstatic.net/products/1000391653/bel002__e_rs_h_nh_l__v__gh_p_combo_x2__690494cec78f46768f45dc00c91c5049.webp,"Kem Dưỡng Moisturizing Bomb từ thương hiệu Belif là giải pháp hoàn hảo giúp nuôi dưỡng, cấp ẩm và chăm sóc chuyên sâu cho làn da của bạn. Sản phẩm chứa các thành phần an toàn, có kết cấu dễ thẩm thấu, phù hợp sử dụng hàng ngày để duy trì một làn da khỏe mạnh, rạng rỡ và tràn đầy sức sống."
Skincare,Dr.Jart+,Kem Cicapair Tiger Grass,50ml,980.000 đ,1.200.000 đ,10.0,https://down-vn.img.susercontent.com/file/sg-11134201-82628-mja43lqq6yva3f.webp,"Kem Cicapair Tiger Grass từ thương hiệu Dr.Jart+ là giải pháp hoàn hảo giúp nuôi dưỡng, cấp ẩm và chăm sóc chuyên sâu cho làn da của bạn. Sản phẩm chứa các thành phần an toàn, có kết cấu dễ thẩm thấu, phù hợp sử dụng hàng ngày để duy trì một làn da khỏe mạnh, rạng rỡ và tràn đầy sức sống."
Skincare,Dr.Jart+,Mặt Nạ Cicapair,25ml,120.000 đ,160.000 đ,40.0,https://down-vn.img.susercontent.com/file/sg-11134201-822xu-mocu7hu938qxfe.webp,"Mặt Nạ Cicapair từ thương hiệu Dr.Jart+ là giải pháp hoàn hảo giúp nuôi dưỡng, cấp ẩm và chăm sóc chuyên sâu cho làn da của bạn. Sản phẩm chứa các thành phần an toàn, có kết cấu dễ thẩm thấu, phù hợp sử dụng hàng ngày để duy trì một làn da khỏe mạnh, rạng rỡ và tràn đầy sức sống."
Skincare,Banila Co,Cleansing Balm Original,100ml,480.000 đ,580.000 đ,18.0,https://down-vn.img.susercontent.com/file/vn-11134207-81ztc-mmvf9wlndt6w36@resize_w900_nl.webp,"Cleansing Balm Original từ thương hiệu Banila Co là giải pháp hoàn hảo giúp nuôi dưỡng, cấp ẩm và chăm sóc chuyên sâu cho làn da của bạn. Sản phẩm chứa các thành phần an toàn, có kết cấu dễ thẩm thấu, phù hợp sử dụng hàng ngày để duy trì một làn da khỏe mạnh, rạng rỡ và tràn đầy sức sống."
Skincare,Banila Co,Cleansing Balm Purifying,100ml,480.000 đ,580.000 đ,16.0,https://down-vn.img.susercontent.com/file/vn-11134207-820l4-mijxlk3kqqdc4a.webp,"Cleansing Balm Purifying từ thương hiệu Banila Co là giải pháp hoàn hảo giúp nuôi dưỡng, cấp ẩm và chăm sóc chuyên sâu cho làn da của bạn. Sản phẩm chứa các thành phần an toàn, có kết cấu dễ thẩm thấu, phù hợp sử dụng hàng ngày để duy trì một làn da khỏe mạnh, rạng rỡ và tràn đầy sức sống."
Skincare,Mediheal,Mặt Nạ NMF,10pcs,220.000 đ,280.000 đ,25.0,https://down-vn.img.susercontent.com/file/vn-11134207-820l4-miwy5dswmccl88.webp,"Mặt Nạ NMF từ thương hiệu Mediheal là giải pháp hoàn hảo giúp nuôi dưỡng, cấp ẩm và chăm sóc chuyên sâu cho làn da của bạn. Sản phẩm chứa các thành phần an toàn, có kết cấu dễ thẩm thấu, phù hợp sử dụng hàng ngày để duy trì một làn da khỏe mạnh, rạng rỡ và tràn đầy sức sống."
Skincare,Mediheal,Mặt Nạ Tea Tree,10pcs,220.000 đ,280.000 đ,25.0,https://down-vn.img.susercontent.com/file/vn-11134201-7r98o-ll1w137icbm3c1.webp,"Mặt Nạ Tea Tree từ thương hiệu Mediheal là giải pháp hoàn hảo giúp nuôi dưỡng, cấp ẩm và chăm sóc chuyên sâu cho làn da của bạn. Sản phẩm chứa các thành phần an toàn, có kết cấu dễ thẩm thấu, phù hợp sử dụng hàng ngày để duy trì một làn da khỏe mạnh, rạng rỡ và tràn đầy sức sống."
Skincare,JM Solution,Mặt Nạ Water Luminous,10pcs,180.000 đ,240.000 đ,28.0,https://down-vn.img.susercontent.com/file/vn-11134207-820l4-mjjlyijbtwci76@resize_w900_nl.webp,"Mặt Nạ Water Luminous từ thương hiệu JM Solution là giải pháp hoàn hảo giúp nuôi dưỡng, cấp ẩm và chăm sóc chuyên sâu cho làn da của bạn. Sản phẩm chứa các thành phần an toàn, có kết cấu dễ thẩm thấu, phù hợp sử dụng hàng ngày để duy trì một làn da khỏe mạnh, rạng rỡ và tràn đầy sức sống."
Skincare,JM Solution,Mặt Nạ Honey Luminous,10pcs,180.000 đ,240.000 đ,28.0,https://down-vn.img.susercontent.com/file/sg-11134207-7rdxz-md4a18jmo9vkf4.webp,"Mặt Nạ Honey Luminous từ thương hiệu JM Solution là giải pháp hoàn hảo giúp nuôi dưỡng, cấp ẩm và chăm sóc chuyên sâu cho làn da của bạn. Sản phẩm chứa các thành phần an toàn, có kết cấu dễ thẩm thấu, phù hợp sử dụng hàng ngày để duy trì một làn da khỏe mạnh, rạng rỡ và tràn đầy sức sống."
Skincare,Rohto,Hada Labo Premium Lotion,170ml,320.000 đ,420.000 đ,20.0,https://down-vn.img.susercontent.com/file/vn-11134258-81ztc-mmpn5o534ft15b,"Hada Labo Premium Lotion từ thương hiệu Rohto là giải pháp hoàn hảo giúp nuôi dưỡng, cấp ẩm và chăm sóc chuyên sâu cho làn da của bạn. Sản phẩm chứa các thành phần an toàn, có kết cấu dễ thẩm thấu, phù hợp sử dụng hàng ngày để duy trì một làn da khỏe mạnh, rạng rỡ và tràn đầy sức sống."
Skincare,Rohto,Melano CC Essence,20ml,280.000 đ,350.000 đ,26.0,https://down-vn.img.susercontent.com/file/vn-11134207-7r98o-lmx2iic9bahr7d.webp,"Melano CC Essence từ thương hiệu Rohto là giải pháp hoàn hảo giúp nuôi dưỡng, cấp ẩm và chăm sóc chuyên sâu cho làn da của bạn. Sản phẩm chứa các thành phần an toàn, có kết cấu dễ thẩm thấu, phù hợp sử dụng hàng ngày để duy trì một làn da khỏe mạnh, rạng rỡ và tràn đầy sức sống."
Skincare,By Wishtrend,Serum Mandelic Acid,30ml,520.000 đ,620.000 đ,15.0,https://down-vn.img.susercontent.com/file/vn-11134201-7ra0g-mafqljpqh4u9d1.webp,"Serum Mandelic Acid từ thương hiệu By Wishtrend là giải pháp hoàn hảo giúp nuôi dưỡng, cấp ẩm và chăm sóc chuyên sâu cho làn da của bạn. Sản phẩm chứa các thành phần an toàn, có kết cấu dễ thẩm thấu, phù hợp sử dụng hàng ngày để duy trì một làn da khỏe mạnh, rạng rỡ và tràn đầy sức sống."
Skincare,By Wishtrend,Serum Vitamin 21.5,30ml,580.000 đ,680.000 đ,14.0,https://down-vn.img.susercontent.com/file/sg-11134253-822wz-mi1n857246iv68.webp,"Serum Vitamin 21.5 từ thương hiệu By Wishtrend là giải pháp hoàn hảo giúp nuôi dưỡng, cấp ẩm và chăm sóc chuyên sâu cho làn da của bạn. Sản phẩm chứa các thành phần an toàn, có kết cấu dễ thẩm thấu, phù hợp sử dụng hàng ngày để duy trì một làn da khỏe mạnh, rạng rỡ và tràn đầy sức sống."
Skincare,Isntree,Toner Hyaluronic Acid,200ml,380.000 đ,480.000 đ,22.0,https://down-vn.img.susercontent.com/file/vn-11134207-81ztc-mmslpca897uu79.webp,"Toner Hyaluronic Acid từ thương hiệu Isntree là giải pháp hoàn hảo giúp nuôi dưỡng, cấp ẩm và chăm sóc chuyên sâu cho làn da của bạn. Sản phẩm chứa các thành phần an toàn, có kết cấu dễ thẩm thấu, phù hợp sử dụng hàng ngày để duy trì một làn da khỏe mạnh, rạng rỡ và tràn đầy sức sống."
Skincare,Isntree,Watery Sun Gel,50ml,320.000 đ,420.000 đ,30.0,https://down-vn.img.susercontent.com/file/vn-11134207-81ztc-ml7bcfhj4iyr8d.webp,"Watery Sun Gel từ thương hiệu Isntree là giải pháp hoàn hảo giúp nuôi dưỡng, cấp ẩm và chăm sóc chuyên sâu cho làn da của bạn. Sản phẩm chứa các thành phần an toàn, có kết cấu dễ thẩm thấu, phù hợp sử dụng hàng ngày để duy trì một làn da khỏe mạnh, rạng rỡ và tràn đầy sức sống."
Skincare,Pyunkang Yul,Essence Toner,200ml,320.000 đ,420.000 đ,24.0,https://down-vn.img.susercontent.com/file/vn-11134207-81ztc-mlx0vv7stszp86.webp,"Essence Toner từ thương hiệu Pyunkang Yul là giải pháp hoàn hảo giúp nuôi dưỡng, cấp ẩm và chăm sóc chuyên sâu cho làn da của bạn. Sản phẩm chứa các thành phần an toàn, có kết cấu dễ thẩm thấu, phù hợp sử dụng hàng ngày để duy trì một làn da khỏe mạnh, rạng rỡ và tràn đầy sức sống."
Skincare,Pyunkang Yul,Moisture Cream,100ml,380.000 đ,480.000 đ,18.0,https://down-vn.img.susercontent.com/file/vn-11134207-81ztc-mkmb6nvj7dok41@resize_w900_nl.webp,"Moisture Cream từ thương hiệu Pyunkang Yul là giải pháp hoàn hảo giúp nuôi dưỡng, cấp ẩm và chăm sóc chuyên sâu cho làn da của bạn. Sản phẩm chứa các thành phần an toàn, có kết cấu dễ thẩm thấu, phù hợp sử dụng hàng ngày để duy trì một làn da khỏe mạnh, rạng rỡ và tràn đầy sức sống."
Skincare,Beauty Of Joseon,Serum Glow Deep,30ml,320.000 đ,420.000 đ,28.0,https://down-vn.img.susercontent.com/file/vn-11134207-820l4-mdzzsxkajh8h27.webp,"Serum Glow Deep từ thương hiệu Beauty Of Joseon là giải pháp hoàn hảo giúp nuôi dưỡng, cấp ẩm và chăm sóc chuyên sâu cho làn da của bạn. Sản phẩm chứa các thành phần an toàn, có kết cấu dễ thẩm thấu, phù hợp sử dụng hàng ngày để duy trì một làn da khỏe mạnh, rạng rỡ và tràn đầy sức sống."
Skincare,Beauty Of Joseon,Relief Sun,50ml,320.000 đ,420.000 đ,35.0,https://down-vn.img.susercontent.com/file/vn-11134207-820l4-mdzzsus5l69z03.webp,"Relief Sun từ thương hiệu Beauty Of Joseon là giải pháp hoàn hảo giúp nuôi dưỡng, cấp ẩm và chăm sóc chuyên sâu cho làn da của bạn. Sản phẩm chứa các thành phần an toàn, có kết cấu dễ thẩm thấu, phù hợp sử dụng hàng ngày để duy trì một làn da khỏe mạnh, rạng rỡ và tràn đầy sức sống."
Skincare,Abib,Heartleaf Essence,50ml,520.000 đ,620.000 đ,14.0,https://down-vn.img.susercontent.com/file/vn-11134207-7ra0g-m6cdkqo8qnnadb.webp,"Heartleaf Essence từ thương hiệu Abib là giải pháp hoàn hảo giúp nuôi dưỡng, cấp ẩm và chăm sóc chuyên sâu cho làn da của bạn. Sản phẩm chứa các thành phần an toàn, có kết cấu dễ thẩm thấu, phù hợp sử dụng hàng ngày để duy trì một làn da khỏe mạnh, rạng rỡ và tràn đầy sức sống."
Skincare,Abib,Kem Dưỡng Jericho Rose,75ml,580.000 đ,680.000 đ,12.0,https://down-vn.img.susercontent.com/file/e472dc8596bffaddd2c4f9e8000fc659@resize_w900_nl.webp,"Kem Dưỡng Jericho Rose từ thương hiệu Abib là giải pháp hoàn hảo giúp nuôi dưỡng, cấp ẩm và chăm sóc chuyên sâu cho làn da của bạn. Sản phẩm chứa các thành phần an toàn, có kết cấu dễ thẩm thấu, phù hợp sử dụng hàng ngày để duy trì một làn da khỏe mạnh, rạng rỡ và tràn đầy sức sống."
Skincare,Missha,Essence Time Revolution,150ml,920.000 đ,1.100.000 đ,10.0,https://down-vn.img.susercontent.com/file/sg-11134207-7rdxm-lzu3dgtsc1br75.webp,"Essence Time Revolution từ thương hiệu Missha là giải pháp hoàn hảo giúp nuôi dưỡng, cấp ẩm và chăm sóc chuyên sâu cho làn da của bạn. Sản phẩm chứa các thành phần an toàn, có kết cấu dễ thẩm thấu, phù hợp sử dụng hàng ngày để duy trì một làn da khỏe mạnh, rạng rỡ và tràn đầy sức sống."
Skincare,Missha,Kem Dưỡng Super Aqua,70ml,680.000 đ,820.000 đ,15.0,https://missha.vn/Thumbnail/500_500/clients/data/uploads/2022-6/MISSHA-Super-Aqua-Ultra-Hyalron-Balm-Cream-Original-1-jpg.webp,"Kem Dưỡng Super Aqua từ thương hiệu Missha là giải pháp hoàn hảo giúp nuôi dưỡng, cấp ẩm và chăm sóc chuyên sâu cho làn da của bạn. Sản phẩm chứa các thành phần an toàn, có kết cấu dễ thẩm thấu, phù hợp sử dụng hàng ngày để duy trì một làn da khỏe mạnh, rạng rỡ và tràn đầy sức sống."
Skincare,Nature Republic,Gel Nha Đam Aloe Vera,300ml,150.000 đ,220.000 đ,45.0,https://down-vn.img.susercontent.com/file/vn-11134207-820l4-mfkka0vwj11q9e.webp,"Gel Nha Đam Aloe Vera từ thương hiệu Nature Republic là giải pháp hoàn hảo giúp nuôi dưỡng, cấp ẩm và chăm sóc chuyên sâu cho làn da của bạn. Sản phẩm chứa các thành phần an toàn, có kết cấu dễ thẩm thấu, phù hợp sử dụng hàng ngày để duy trì một làn da khỏe mạnh, rạng rỡ và tràn đầy sức sống."
Skincare,Nature Republic,Kem Dưỡng Aqua Max,80ml,420.000 đ,520.000 đ,18.0,https://encrypted-tbn0.gstatic.com/images?q=tbn:ANd9GcQHX42iS5a4P-FW61007WpDe06m8uaq3nsh5A&s,"Kem Dưỡng Aqua Max từ thương hiệu Nature Republic là giải pháp hoàn hảo giúp nuôi dưỡng, cấp ẩm và chăm sóc chuyên sâu cho làn da của bạn. Sản phẩm chứa các thành phần an toàn, có kết cấu dễ thẩm thấu, phù hợp sử dụng hàng ngày để duy trì một làn da khỏe mạnh, rạng rỡ và tràn đầy sức sống."
Skincare,DHC,Dầu Tẩy Trang Deep Cleansing,200ml,520.000 đ,650.000 đ,20.0,https://encrypted-tbn3.gstatic.com/shopping?q=tbn:ANd9GcRxvBMUNeleDiRFbkV4ZMd3233b3Gom41Tt6HEyWgK0eGrli3TdMyND7c62gPJ1onyqqjUeWgOSKuFfOn3P7qo9LQ1qDWDOE46OJD9r0rrIBIw_sJHTP8HQbeU_wo3rRQrQ5w&usqp=CAc,"Dầu Tẩy Trang Deep Cleansing từ thương hiệu DHC là giải pháp hoàn hảo giúp nuôi dưỡng, cấp ẩm và chăm sóc chuyên sâu cho làn da của bạn. Sản phẩm chứa các thành phần an toàn, có kết cấu dễ thẩm thấu, phù hợp sử dụng hàng ngày để duy trì một làn da khỏe mạnh, rạng rỡ và tràn đầy sức sống."
Skincare,Biore,Kem Chống Nắng UV Aqua Rich,50ml,220.000 đ,280.000 đ,38.0,https://encrypted-tbn1.gstatic.com/shopping?q=tbn:ANd9GcSrxrODc0UIbt5aO0C9JYdO_7Xd-4CUWdMW__4fu1j7yOTRBhnUINF2tJ5QZEnB7JT66I8Au4juF8CXXVc5JzS1xlIblplroiFDTSI1TvpzBCB-bP-QDlGRWzUVzDNKqfKi&usqp=CAc,"Kem Chống Nắng UV Aqua Rich từ thương hiệu Biore là giải pháp hoàn hảo giúp nuôi dưỡng, cấp ẩm và chăm sóc chuyên sâu cho làn da của bạn. Sản phẩm chứa các thành phần an toàn, có kết cấu dễ thẩm thấu, phù hợp sử dụng hàng ngày để duy trì một làn da khỏe mạnh, rạng rỡ và tràn đầy sức sống."
Skincare,Cocoon,Tẩy Da Chết Cà Phê,200ml,180.000 đ,240.000 đ,32.0,https://encrypted-tbn2.gstatic.com/shopping?q=tbn:ANd9GcT3DY8snbyb9Dc2Xf01nH1Blh8suUMw9yzYgO1B6-Mxv0SDOHCunTZbiZi3XzE1SNUkNHdV3pTJAEH0lSNudxrLBBMoi0P8MhmqTzdZ1bMM9qTWC_F6q4Ns8TB_ID6OifS1dpe14A&usqp=CAc,"Tẩy Da Chết Cà Phê từ thương hiệu Cocoon là giải pháp hoàn hảo giúp nuôi dưỡng, cấp ẩm và chăm sóc chuyên sâu cho làn da của bạn. Sản phẩm chứa các thành phần an toàn, có kết cấu dễ thẩm thấu, phù hợp sử dụng hàng ngày để duy trì một làn da khỏe mạnh, rạng rỡ và tràn đầy sức sống."
Skincare,Cocoon,Bí Đao Toner,140ml,220.000 đ,280.000 đ,26.0,https://encrypted-tbn1.gstatic.com/shopping?q=tbn:ANd9GcS8W8ANBwtP4zWcAs1J4AvjniiLdmggg3iOqAd-WJkPb9W-VTxCWBDzfSeGLuM0qJtXQduaM0LJBuW-ep8R1kwgF0XzxsB51EqhVPoDB9PuZahqPNirG3OJ6b_DW56g1H_renbLOPI&usqp=CAc,"Bí Đao Toner từ thương hiệu Cocoon là giải pháp hoàn hảo giúp nuôi dưỡng, cấp ẩm và chăm sóc chuyên sâu cho làn da của bạn. Sản phẩm chứa các thành phần an toàn, có kết cấu dễ thẩm thấu, phù hợp sử dụng hàng ngày để duy trì một làn da khỏe mạnh, rạng rỡ và tràn đầy sức sống."
Skincare,3CE,Kem Dưỡng White Milk,50ml,420.000 đ,520.000 đ,15.0,https://down-vn.img.susercontent.com/file/vn-11134207-820l4-mi74kvmnn85i7e@resize_w900_nl.webp,"Kem Dưỡng White Milk từ thương hiệu 3CE là giải pháp hoàn hảo giúp nuôi dưỡng, cấp ẩm và chăm sóc chuyên sâu cho làn da của bạn. Sản phẩm chứa các thành phần an toàn, có kết cấu dễ thẩm thấu, phù hợp sử dụng hàng ngày để duy trì một làn da khỏe mạnh, rạng rỡ và tràn đầy sức sống."
Skincare,The Face Shop,Rice Water Bright Cleanser,150ml,180.000 đ,240.000 đ,34.0,https://down-vn.img.susercontent.com/file/vn-11134207-81ztc-mmttsh20j85c07@resize_w900_nl.webp,"Rice Water Bright Cleanser từ thương hiệu The Face Shop là giải pháp hoàn hảo giúp nuôi dưỡng, cấp ẩm và chăm sóc chuyên sâu cho làn da của bạn. Sản phẩm chứa các thành phần an toàn, có kết cấu dễ thẩm thấu, phù hợp sử dụng hàng ngày để duy trì một làn da khỏe mạnh, rạng rỡ và tràn đầy sức sống."
Makeup,MAC,Son MAC Matte Lipstick Ruby Woo,Đỏ Thuần,550.000 đ,650.000 đ,25.0,https://encrypted-tbn1.gstatic.com/shopping?q=tbn:ANd9GcQ7CZOl9Lw8dPlfJxl9cEso6juXIZwQAQBe_zialL_R7vI2x-Ct4pXvokCnXF0UL0n6hj98I-Yw_anVMlA8q6e0-C5nMXxCaNo7zYiszkP__G19s7zTAT_epuL1KigHVfnDxIj4dRVh0ps&usqp=CAc,"Son MAC Matte Lipstick Ruby Woo chính hãng MAC giúp tôn lên những đường nét thanh tú và vẻ đẹp tự nhiên của bạn. Với chất lượng vượt trội, kết cấu mỏng mịn và độ bám tốt, đây là món đồ không thể thiếu trong bộ sưu tập trang điểm của các tín đồ làm đẹp."
Makeup,MAC,Son MAC Matte Lipstick Chili,Cam Đất,550.000 đ,650.000 đ,22.0,https://vilip.vn/wp-content/uploads/2021/11/swatch-son-mac-602-chili.webp?v=1637902472,"Son MAC Matte Lipstick Chili chính hãng MAC giúp tôn lên những đường nét thanh tú và vẻ đẹp tự nhiên của bạn. Với chất lượng vượt trội, kết cấu mỏng mịn và độ bám tốt, đây là món đồ không thể thiếu trong bộ sưu tập trang điểm của các tín đồ làm đẹp."
Makeup,MAC,Son MAC Matte Lipstick Marrakesh,Nâu Đỏ,550.000 đ,650.000 đ,18.0,https://encrypted-tbn1.gstatic.com/shopping?q=tbn:ANd9GcRz75sXVEPUxFvqjbA-oOnECKiEpcS0pcgi3vSTBPzuoODLu97g-0AytnZOljGQT0mRhVSbhsjLdKL-1KEf5E1Zi7BitZVVRYRUWbfIor7GcFn4Ix4wHyRJLLZ48Mf9BgUzAsVKBxVySQ&usqp=CAc,"Son MAC Matte Lipstick Marrakesh chính hãng MAC giúp tôn lên những đường nét thanh tú và vẻ đẹp tự nhiên của bạn. Với chất lượng vượt trội, kết cấu mỏng mịn và độ bám tốt, đây là món đồ không thể thiếu trong bộ sưu tập trang điểm của các tín đồ làm đẹp."
Makeup,MAC,Son MAC Powder Kiss,"Mull It Over, Devoted To Chili, Stay Curious, Sultriness, Burning Love",620.000 đ,720.000 đ,15.0,https://encrypted-tbn1.gstatic.com/shopping?q=tbn:ANd9GcRz75sXVEPUxFvqjbA-oOnECKiEpcS0pcgi3vSTBPzuoODLu97g-0AytnZOljGQT0mRhVSbhsjLdKL-1KEf5E1Zi7BitZVVRYRUWbfIor7GcFn4Ix4wHyRJLLZ48Mf9BgUzAsVKBxVySQ&usqp=CAc,"Son MAC Powder Kiss chính hãng MAC giúp tôn lên những đường nét thanh tú và vẻ đẹp tự nhiên của bạn. Với chất lượng vượt trội, kết cấu mỏng mịn và độ bám tốt, đây là món đồ không thể thiếu trong bộ sưu tập trang điểm của các tín đồ làm đẹp."
Makeup,3CE,Son Velvet Lip Tint,"Daffodil, Going Right, Taupe, Speak Up, New Nude, Childlike",320.000 đ,420.000 đ,30.0,https://down-vn.img.susercontent.com/file/vn-11134207-7ras8-mbggnkm3729wef.webp,"Son Velvet Lip Tint chính hãng 3CE giúp tôn lên những đường nét thanh tú và vẻ đẹp tự nhiên của bạn. Với chất lượng vượt trội, kết cấu mỏng mịn và độ bám tốt, đây là món đồ không thể thiếu trong bộ sưu tập trang điểm của các tín đồ làm đẹp."
Makeup,3CE,Son Blur Water Tint,"Laydown, Casual Affair, Double Wind, Pink Guava",350.000 đ,450.000 đ,24.0,https://down-vn.img.susercontent.com/file/vn-11134207-7ras8-mcn81b6i5hss92.webp,"Son Blur Water Tint chính hãng 3CE giúp tôn lên những đường nét thanh tú và vẻ đẹp tự nhiên của bạn. Với chất lượng vượt trội, kết cấu mỏng mịn và độ bám tốt, đây là món đồ không thể thiếu trong bộ sưu tập trang điểm của các tín đồ làm đẹp."
Makeup,Romand,Juicy Lasting Tint,"Figfig, Jujube, Almond Rose, Bare Grape, Pomelo Skin, Nucadamia",220.000 đ,280.000 đ,35.0,https://encrypted-tbn1.gstatic.com/shopping?q=tbn:ANd9GcTt1W81H2IBrf2jRg1lzviEDbIwNtaNEk6U3g6MEaEPt8Bs5mwELSWaOjq1SCzcKGYkD9QCaQJm7VZHkx1PtBfIl9BGiWZF4Ty8zSEDRRw_2baMMQucB1b0ezBjoSY_JTackEgaOR0&usqp=CAc,"Juicy Lasting Tint chính hãng Romand giúp tôn lên những đường nét thanh tú và vẻ đẹp tự nhiên của bạn. Với chất lượng vượt trội, kết cấu mỏng mịn và độ bám tốt, đây là món đồ không thể thiếu trong bộ sưu tập trang điểm của các tín đồ làm đẹp."
Makeup,Romand,Zero Velvet Tint,"Burny Nude, Deep Soul, Villain Vest, Witty",240.000 đ,300.000 đ,26.0,https://down-vn.img.susercontent.com/file/sg-11134201-822xu-mocu7hu938qxfe.webp,"Zero Velvet Tint chính hãng Romand giúp tôn lên những đường nét thanh tú và vẻ đẹp tự nhiên của bạn. Với chất lượng vượt trội, kết cấu mỏng mịn và độ bám tốt, đây là món đồ không thể thiếu trong bộ sưu tập trang điểm của các tín đồ làm đẹp."
Makeup,Merzy,The First Velvet Tint,V6 Firenze,180.000 đ,240.000 đ,40.0,https://down-vn.img.susercontent.com/file/vn-11134207-7ra0g-m8e7gszx75afb8.webp,"The First Velvet Tint chính hãng Merzy giúp tôn lên những đường nét thanh tú và vẻ đẹp tự nhiên của bạn. Với chất lượng vượt trội, kết cấu mỏng mịn và độ bám tốt, đây là món đồ không thể thiếu trong bộ sưu tập trang điểm của các tín đồ làm đẹp."
Makeup,Black Rouge,Air Fit Velvet Tint,"A06, A12, A25, A49",180.000 đ,240.000 đ,36.0,https://down-vn.img.susercontent.com/file/vn-11134207-7r98o-lq50ma7q9wdza7.webp,"Air Fit Velvet Tint chính hãng Black Rouge giúp tôn lên những đường nét thanh tú và vẻ đẹp tự nhiên của bạn. Với chất lượng vượt trội, kết cấu mỏng mịn và độ bám tốt, đây là món đồ không thể thiếu trong bộ sưu tập trang điểm của các tín đồ làm đẹp."
Makeup,Dior,Rouge Dior Velvet,999,980.000 đ,1.150.000 đ,10.0,https://encrypted-tbn0.gstatic.com/shopping?q=tbn:ANd9GcQ-dMdOjhMcRGiTSQ69TJ8ft5OiBOlkE33pFuwbwEz7QQN0u9tKsljjsOHNtqVpRPN7UfnM5SJjAEYM8YMFQipfGrfvnzvhh5fbxwMDdu3dry71qHUmcp-zBgtNMCA9Peox4NUE2kw&usqp=CAc,"Rouge Dior Velvet chính hãng Dior giúp tôn lên những đường nét thanh tú và vẻ đẹp tự nhiên của bạn. Với chất lượng vượt trội, kết cấu mỏng mịn và độ bám tốt, đây là món đồ không thể thiếu trong bộ sưu tập trang điểm của các tín đồ làm đẹp."
Makeup,YSL,Rouge Pur Couture,1966,1.050.000 đ,1.200.000 đ,8.0,https://encrypted-tbn1.gstatic.com/shopping?q=tbn:ANd9GcTt1W81H2IBrf2jRg1lzviEDbIwNtaNEk6U3g6MEaEPt8Bs5mwELSWaOjq1SCzcKGYkD9QCaQJm7VZHkx1PtBfIl9BGiWZF4Ty8zSEDRRw_2baMMQucB1b0ezBjoSY_JTackEgaOR0&usqp=CAc,"Rouge Pur Couture chính hãng YSL giúp tôn lên những đường nét thanh tú và vẻ đẹp tự nhiên của bạn. Với chất lượng vượt trội, kết cấu mỏng mịn và độ bám tốt, đây là món đồ không thể thiếu trong bộ sưu tập trang điểm của các tín đồ làm đẹp."
Makeup,Chanel,Rouge Allure Velvet,58 Rouge Vie,1.100.000 đ,1.300.000 đ,6.0,https://encrypted-tbn0.gstatic.com/images?q=tbn:ANd9GcS638FjANkRhMZfzAnRqlGBwzDkHOcOEo2qrw&s,"Rouge Allure Velvet chính hãng Chanel giúp tôn lên những đường nét thanh tú và vẻ đẹp tự nhiên của bạn. Với chất lượng vượt trội, kết cấu mỏng mịn và độ bám tốt, đây là món đồ không thể thiếu trong bộ sưu tập trang điểm của các tín đồ làm đẹp."
Makeup,Maybelline,Super Stay Matte Ink,"370,375,380",220.000 đ,280.000 đ,35.0,https://down-vn.img.susercontent.com/file/sg-11134201-81zvi-midie99w9xxd0a@resize_w900_nl.webp,"Super Stay Matte Ink chính hãng Maybelline giúp tôn lên những đường nét thanh tú và vẻ đẹp tự nhiên của bạn. Với chất lượng vượt trội, kết cấu mỏng mịn và độ bám tốt, đây là món đồ không thể thiếu trong bộ sưu tập trang điểm của các tín đồ làm đẹp."
Makeup,L'Oreal,Rouge Signature,"410, 412, 414, 416, 418, 420, 422, 424, 426, 428, 430, 432",240.000 đ,320.000 đ,28.0,https://lipstick.vn/wp-content/uploads/2019/09/bang-mau-son-kem-li-Loreal-Rouge-Signature-Lasting-Matte-Liquid-Lipstick-15.webp,"Rouge Signature chính hãng L'Oreal giúp tôn lên những đường nét thanh tú và vẻ đẹp tự nhiên của bạn. Với chất lượng vượt trội, kết cấu mỏng mịn và độ bám tốt, đây là món đồ không thể thiếu trong bộ sưu tập trang điểm của các tín đồ làm đẹp."
Makeup,Bbia,Last Velvet Lip Tint,"25 Final Note, 12 Sweet Boss, 13 Serious Boss",180.000 đ,240.000 đ,32.0,https://down-vn.img.susercontent.com/file/vn-11134201-7ra0g-m8tu2w5qmgck18.webp,"Last Velvet Lip Tint chính hãng Bbia giúp tôn lên những đường nét thanh tú và vẻ đẹp tự nhiên của bạn. Với chất lượng vượt trội, kết cấu mỏng mịn và độ bám tốt, đây là món đồ không thể thiếu trong bộ sưu tập trang điểm của các tín đồ làm đẹp."
Makeup,Peripera,Ink Velvet,"17 Rosy Nude, 23 Nutty Nude, 31 Wine Nude",180.000 đ,240.000 đ,26.0,https://encrypted-tbn1.gstatic.com/shopping?q=tbn:ANd9GcRz75sXVEPUxFvqjbA-oOnECKiEpcS0pcgi3vSTBPzuoODLu97g-0AytnZOljGQT0mRhVSbhsjLdKL-1KEf5E1Zi7BitZVVRYRUWbfIor7GcFn4Ix4wHyRJLLZ48Mf9BgUzAsVKBxVySQ&usqp=CAc,"Ink Velvet chính hãng Peripera giúp tôn lên những đường nét thanh tú và vẻ đẹp tự nhiên của bạn. Với chất lượng vượt trội, kết cấu mỏng mịn và độ bám tốt, đây là món đồ không thể thiếu trong bộ sưu tập trang điểm của các tín đồ làm đẹp."
Makeup,Clio,Kill Cover Cushion,03 Linen,520.000 đ,620.000 đ,15.0,https://down-vn.img.susercontent.com/file/vn-11134207-81ztc-mn192tl153wg90.webp,"Kill Cover Cushion chính hãng Clio giúp tôn lên những đường nét thanh tú và vẻ đẹp tự nhiên của bạn. Với chất lượng vượt trội, kết cấu mỏng mịn và độ bám tốt, đây là món đồ không thể thiếu trong bộ sưu tập trang điểm của các tín đồ làm đẹp."
Makeup,Clio,Kill Cover Cushion,04 Ginger,520.000 đ,620.000 đ,14.0,https://down-vn.img.susercontent.com/file/sg-11134207-81zu4-mitpwlhpl7uoe5.webp,"Kill Cover Cushion chính hãng Clio giúp tôn lên những đường nét thanh tú và vẻ đẹp tự nhiên của bạn. Với chất lượng vượt trội, kết cấu mỏng mịn và độ bám tốt, đây là món đồ không thể thiếu trong bộ sưu tập trang điểm của các tín đồ làm đẹp."
Makeup,Laneige,Neo Cushion Glow,21N Beige,850.000 đ,980.000 đ,12.0,https://down-vn.img.susercontent.com/file/vn-11134207-81ztc-mo55dxzykwlcd8.webp,"Neo Cushion Glow chính hãng Laneige giúp tôn lên những đường nét thanh tú và vẻ đẹp tự nhiên của bạn. Với chất lượng vượt trội, kết cấu mỏng mịn và độ bám tốt, đây là món đồ không thể thiếu trong bộ sưu tập trang điểm của các tín đồ làm đẹp."
Makeup,Laneige,Neo Cushion Matte,23N Sand,850.000 đ,980.000 đ,10.0,https://down-vn.img.susercontent.com/file/vn-11134207-7ras8-m1pgzzh0wjtf3a.webp,"Neo Cushion Matte chính hãng Laneige giúp tôn lên những đường nét thanh tú và vẻ đẹp tự nhiên của bạn. Với chất lượng vượt trội, kết cấu mỏng mịn và độ bám tốt, đây là món đồ không thể thiếu trong bộ sưu tập trang điểm của các tín đồ làm đẹp."
Makeup,Hera,Black Cushion,21N1,1.100.000 đ,1.300.000 đ,8.0,https://down-vn.img.susercontent.com/file/sg-11134207-820my-mnmn1v7y1ddwbf.webp,"Black Cushion chính hãng Hera giúp tôn lên những đường nét thanh tú và vẻ đẹp tự nhiên của bạn. Với chất lượng vượt trội, kết cấu mỏng mịn và độ bám tốt, đây là món đồ không thể thiếu trong bộ sưu tập trang điểm của các tín đồ làm đẹp."
Makeup,Missha,Magic Cushion,21 Light Beige,320.000 đ,420.000 đ,20.0,https://down-vn.img.susercontent.com/file/vn-11134207-81ztc-mnus33qbiy2obd.webp,"Magic Cushion chính hãng Missha giúp tôn lên những đường nét thanh tú và vẻ đẹp tự nhiên của bạn. Với chất lượng vượt trội, kết cấu mỏng mịn và độ bám tốt, đây là món đồ không thể thiếu trong bộ sưu tập trang điểm của các tín đồ làm đẹp."
Makeup,Innisfree,No Sebum Cushion,21C,380.000 đ,480.000 đ,18.0,https://down-vn.img.susercontent.com/file/vn-11134201-7ra0g-m8tu01zo4tqf4f.webp,"No Sebum Cushion chính hãng Innisfree giúp tôn lên những đường nét thanh tú và vẻ đẹp tự nhiên của bạn. Với chất lượng vượt trội, kết cấu mỏng mịn và độ bám tốt, đây là món đồ không thể thiếu trong bộ sưu tập trang điểm của các tín đồ làm đẹp."
Makeup,Maybelline,Fit Me Foundation,120 Classic Ivory,280.000 đ,350.000 đ,30.0,https://down-vn.img.susercontent.com/file/sg-11134201-822yw-mo9znj6ifcpa9f.webp,"Fit Me Foundation chính hãng Maybelline giúp tôn lên những đường nét thanh tú và vẻ đẹp tự nhiên của bạn. Với chất lượng vượt trội, kết cấu mỏng mịn và độ bám tốt, đây là món đồ không thể thiếu trong bộ sưu tập trang điểm của các tín đồ làm đẹp."
Makeup,Maybelline,Fit Me Foundation,128 Warm Nude,280.000 đ,350.000 đ,28.0,https://down-vn.img.susercontent.com/file/vn-11134201-7ra0g-m8wwv2yoa7ambf@resize_w900_nl.webp,"Fit Me Foundation chính hãng Maybelline giúp tôn lên những đường nét thanh tú và vẻ đẹp tự nhiên của bạn. Với chất lượng vượt trội, kết cấu mỏng mịn và độ bám tốt, đây là món đồ không thể thiếu trong bộ sưu tập trang điểm của các tín đồ làm đẹp."
Makeup,L'Oreal,Infallible Foundation,120 Vanilla,420.000 đ,520.000 đ,20.0,https://down-vn.img.susercontent.com/file/vn-11134201-7ras8-maupo5tc985o66@resize_w900_nl.webp,"Infallible Foundation chính hãng L'Oreal giúp tôn lên những đường nét thanh tú và vẻ đẹp tự nhiên của bạn. Với chất lượng vượt trội, kết cấu mỏng mịn và độ bám tốt, đây là món đồ không thể thiếu trong bộ sưu tập trang điểm của các tín đồ làm đẹp."
Makeup,Estee Lauder,Double Wear Foundation,2N1 Desert Beige,1.200.000 đ,1.400.000 đ,8.0,https://down-vn.img.susercontent.com/file/sg-11134201-81zwg-mivgyspc5vr522.webp,"Double Wear Foundation chính hãng Estee Lauder giúp tôn lên những đường nét thanh tú và vẻ đẹp tự nhiên của bạn. Với chất lượng vượt trội, kết cấu mỏng mịn và độ bám tốt, đây là món đồ không thể thiếu trong bộ sưu tập trang điểm của các tín đồ làm đẹp."
Makeup,NARS,Light Reflecting Foundation,Deauville,1.350.000 đ,1.550.000 đ,6.0,https://down-vn.img.susercontent.com/file/vn-11134207-81ztc-moduv31w0gldbb.webp,"Light Reflecting Foundation chính hãng NARS giúp tôn lên những đường nét thanh tú và vẻ đẹp tự nhiên của bạn. Với chất lượng vượt trội, kết cấu mỏng mịn và độ bám tốt, đây là món đồ không thể thiếu trong bộ sưu tập trang điểm của các tín đồ làm đẹp."
Makeup,Dior,Forever Skin Glow,2N,1.450.000 đ,1.650.000 đ,5.0,https://cdn.hstatic.net/products/1000025647/kem-nen-dior-forever-skin-glow_def260d759c147cfab74a3e6dbb7ee5c_1024x1024.webp,"Forever Skin Glow chính hãng Dior giúp tôn lên những đường nét thanh tú và vẻ đẹp tự nhiên của bạn. Với chất lượng vượt trội, kết cấu mỏng mịn và độ bám tốt, đây là món đồ không thể thiếu trong bộ sưu tập trang điểm của các tín đồ làm đẹp."
Makeup,MAC,Studio Fix Fluid,NC20,980.000 đ,1.150.000 đ,10.0,https://product.hstatic.net/1000025647/product/kem-nen-mac_b733d8539201422abe42b7ff19942059_1024x1024.webp,"Studio Fix Fluid chính hãng MAC giúp tôn lên những đường nét thanh tú và vẻ đẹp tự nhiên của bạn. Với chất lượng vượt trội, kết cấu mỏng mịn và độ bám tốt, đây là món đồ không thể thiếu trong bộ sưu tập trang điểm của các tín đồ làm đẹp."
Makeup,The Saem,Cover Perfection Tip Concealer,1.5 Natural,120.000 đ,180.000 đ,40.0,https://encrypted-tbn1.gstatic.com/shopping?q=tbn:ANd9GcQ2DT8c5EJLCMk5mYQ0tB8tmiVXOzM4EE5jKs4_xLUndg-mw7zm1NRMfaJVnk-Llrnx_NES_QzTfxcXAT6KHEN71PuhFxTK43EHmTwd0DnlensftL6Jm30FMA&usqp=CAc,"Cover Perfection Tip Concealer chính hãng The Saem giúp tôn lên những đường nét thanh tú và vẻ đẹp tự nhiên của bạn. Với chất lượng vượt trội, kết cấu mỏng mịn và độ bám tốt, đây là món đồ không thể thiếu trong bộ sưu tập trang điểm của các tín đồ làm đẹp."
Makeup,Maybelline,Instant Age Rewind,Light,220.000 đ,280.000 đ,26.0,https://encrypted-tbn1.gstatic.com/shopping?q=tbn:ANd9GcTW0N-yXKNJel2xFFSWDu88UhC9dM7dYWssR-QxJtWm3pd1a8JlOO5xhLvyIsDBLpBGQK8VHFnFzZcT52ZO1Z3s8oqIwZRE_8kpYWoENaaeszrQW1CWvz0ipyUccM6Hiw&usqp=CAc,"Instant Age Rewind chính hãng Maybelline giúp tôn lên những đường nét thanh tú và vẻ đẹp tự nhiên của bạn. Với chất lượng vượt trội, kết cấu mỏng mịn và độ bám tốt, đây là món đồ không thể thiếu trong bộ sưu tập trang điểm của các tín đồ làm đẹp."
Makeup,NARS,Radiant Creamy Concealer,Vanilla,850.000 đ,980.000 đ,10.0,https://encrypted-tbn1.gstatic.com/shopping?q=tbn:ANd9GcTuwtn2oA2CAuq4Q7mr9eesx_Mz9jfHzXbvOxH-d6nWUDBoS0a5SmnBo0QTIJdGZ6kcX6YiVZ7cgbQ5tcOCU8B8lGDNIGzDtSP8TK3oKTugNmi7iqnoOfhJSSUjOfB9dw7_2URZqI2w&usqp=CAc,"Radiant Creamy Concealer chính hãng NARS giúp tôn lên những đường nét thanh tú và vẻ đẹp tự nhiên của bạn. Với chất lượng vượt trội, kết cấu mỏng mịn và độ bám tốt, đây là món đồ không thể thiếu trong bộ sưu tập trang điểm của các tín đồ làm đẹp."
Makeup,Hourglass,Vanish Concealer,Cotton,980.000 đ,1.150.000 đ,8.0,https://cdn.vuahanghieu.com/unsafe/0x900/left/top/smart/filters:quality(90)/https://admin.vuahanghieu.com/upload/product/2025/12/kem-che-khuyet-diem-vanish-airbrush-concealer-tone-cotton-694520a11434b-19122025165337.webp,"Vanish Concealer chính hãng Hourglass giúp tôn lên những đường nét thanh tú và vẻ đẹp tự nhiên của bạn. Với chất lượng vượt trội, kết cấu mỏng mịn và độ bám tốt, đây là món đồ không thể thiếu trong bộ sưu tập trang điểm của các tín đồ làm đẹp."
Makeup,Innisfree,No Sebum Mineral Powder,5g,150.000 đ,220.000 đ,45.0,https://encrypted-tbn2.gstatic.com/shopping?q=tbn:ANd9GcQaEN8Mm6Ysq3035wPjIalsPtn7imbO9Rodped8eR48R07xRus8y0m7osiKpLMAagTjS8Il6dyEGOruNjQeWuobyKRiOMx5qdRNBrNWbk8Xu76GiX3ZsY9Wix1-KF7E40QE0cRmXjL5DHc&usqp=CAc,"No Sebum Mineral Powder chính hãng Innisfree giúp tôn lên những đường nét thanh tú và vẻ đẹp tự nhiên của bạn. Với chất lượng vượt trội, kết cấu mỏng mịn và độ bám tốt, đây là món đồ không thể thiếu trong bộ sưu tập trang điểm của các tín đồ làm đẹp."
Makeup,Canmake,Marshmallow Finish Powder,MO,320.000 đ,420.000 đ,24.0,https://encrypted-tbn2.gstatic.com/shopping?q=tbn:ANd9GcRpR0B7T5SD5mwl0sRdipuCXjp_JCykkdytM2RiBVeixDdEsWPRR9taccVPC18JpKnl9D2UV7zzyKmSfDfP2l-d4SkBxB526KIQS73eyxDoTv0BFppMqttCGH_jjmtj_v8nXtzN0lKt-dE&usqp=CAc,"Marshmallow Finish Powder chính hãng Canmake giúp tôn lên những đường nét thanh tú và vẻ đẹp tự nhiên của bạn. Với chất lượng vượt trội, kết cấu mỏng mịn và độ bám tốt, đây là món đồ không thể thiếu trong bộ sưu tập trang điểm của các tín đồ làm đẹp."
Makeup,MAC,Studio Fix Powder Plus,NC25,850.000 đ,980.000 đ,12.0,https://mint07.com/wp-content/uploads/2019/04/phan-phu-mac-studio-fix-powder-plus-foundation.webp,"Studio Fix Powder Plus chính hãng MAC giúp tôn lên những đường nét thanh tú và vẻ đẹp tự nhiên của bạn. Với chất lượng vượt trội, kết cấu mỏng mịn và độ bám tốt, đây là món đồ không thể thiếu trong bộ sưu tập trang điểm của các tín đồ làm đẹp."
Makeup,Charlotte Tilbury,Airbrush Flawless Finish,02 Medium,1.250.000 đ,1.450.000 đ,6.0,https://encrypted-tbn2.gstatic.com/shopping?q=tbn:ANd9GcTHFEAiOaDwGDsXqua1ZBTAxtIX93SF_OKhijVcYiLqHkE-ovcFIq2F2LNu5wVs_AEHtsIfaT-crn1OebY4NhPcN7PRBoj8w_5Z_79mkAPeJXIGEmmnqN5pFQfi-AqSjg&usqp=CAc,"Airbrush Flawless Finish chính hãng Charlotte Tilbury giúp tôn lên những đường nét thanh tú và vẻ đẹp tự nhiên của bạn. Với chất lượng vượt trội, kết cấu mỏng mịn và độ bám tốt, đây là món đồ không thể thiếu trong bộ sưu tập trang điểm của các tín đồ làm đẹp."
Makeup,Romand,Better Than Palette,01 Pampas Garden,420.000 đ,520.000 đ,18.0,https://encrypted-tbn3.gstatic.com/shopping?q=tbn:ANd9GcQS2V_qiP5hZFd2qjzYKSCa492gRJmxotjS3Fq72spJINZXq6Eyd1WUslzD3Y4VNDTeFJ0EQme4rr06MaXnXvRPjyCAO83oixBascKKE0xhFUrJJMbYbuKQ_95P7jUTOlS8JZSG&usqp=CAc,"Better Than Palette chính hãng Romand giúp tôn lên những đường nét thanh tú và vẻ đẹp tự nhiên của bạn. Với chất lượng vượt trội, kết cấu mỏng mịn và độ bám tốt, đây là món đồ không thể thiếu trong bộ sưu tập trang điểm của các tín đồ làm đẹp."
Makeup,Clio,Pro Eye Palette,Simply Pink,620.000 đ,720.000 đ,14.0,https://down-vn.img.susercontent.com/file/vn-11134207-7ras8-m32c4eo5nbui9a.webp,"Pro Eye Palette chính hãng Clio giúp tôn lên những đường nét thanh tú và vẻ đẹp tự nhiên của bạn. Với chất lượng vượt trội, kết cấu mỏng mịn và độ bám tốt, đây là món đồ không thể thiếu trong bộ sưu tập trang điểm của các tín đồ làm đẹp."
Makeup,3CE,Multi Eye Color Palette,Overtake,720.000 đ,850.000 đ,12.0,https://down-vn.img.susercontent.com/file/vn-11134207-81ztc-mn2k7hfuknwj93.webp,"Multi Eye Color Palette chính hãng 3CE giúp tôn lên những đường nét thanh tú và vẻ đẹp tự nhiên của bạn. Với chất lượng vượt trội, kết cấu mỏng mịn và độ bám tốt, đây là món đồ không thể thiếu trong bộ sưu tập trang điểm của các tín đồ làm đẹp."
Makeup,Etude,Play Color Eyes,Bake House,380.000 đ,480.000 đ,20.0,https://down-vn.img.susercontent.com/file/sg-11134201-7ra3t-mbcipp9rkc52da.webp,"Play Color Eyes chính hãng Etude giúp tôn lên những đường nét thanh tú và vẻ đẹp tự nhiên của bạn. Với chất lượng vượt trội, kết cấu mỏng mịn và độ bám tốt, đây là món đồ không thể thiếu trong bộ sưu tập trang điểm của các tín đồ làm đẹp."
Makeup,Dasique,Shadow Palette,Sunset Muhly,620.000 đ,720.000 đ,10.0,https://down-vn.img.susercontent.com/file/vn-11134207-7r98o-lrvtm14uz4pl09@resize_w900_nl.webp,"Shadow Palette chính hãng Dasique giúp tôn lên những đường nét thanh tú và vẻ đẹp tự nhiên của bạn. Với chất lượng vượt trội, kết cấu mỏng mịn và độ bám tốt, đây là món đồ không thể thiếu trong bộ sưu tập trang điểm của các tín đồ làm đẹp."
Makeup,Peripera,All Take Mood Palette,Prestige Pink,520.000 đ,620.000 đ,12.0,https://down-vn.img.susercontent.com/file/vn-11134207-7r98o-lx0ooudzdr6jc7.webp,"All Take Mood Palette chính hãng Peripera giúp tôn lên những đường nét thanh tú và vẻ đẹp tự nhiên của bạn. Với chất lượng vượt trội, kết cấu mỏng mịn và độ bám tốt, đây là món đồ không thể thiếu trong bộ sưu tập trang điểm của các tín đồ làm đẹp."
Makeup,Too Faced,Natural Eyes Palette,Nude,980.000 đ,1.150.000 đ,8.0,https://down-vn.img.susercontent.com/file/sg-11134201-820mw-mnmbjurumtc082@resize_w900_nl.webp,"Natural Eyes Palette chính hãng Too Faced giúp tôn lên những đường nét thanh tú và vẻ đẹp tự nhiên của bạn. Với chất lượng vượt trội, kết cấu mỏng mịn và độ bám tốt, đây là món đồ không thể thiếu trong bộ sưu tập trang điểm của các tín đồ làm đẹp."
Makeup,Urban Decay,Naked3 Palette,Rose,1.450.000 đ,1.650.000 đ,5.0,"https://m.media-amazon.com/images/I/61mUI1UgAdL._AC_UF894,1000_QL80_.webp","Naked3 Palette chính hãng Urban Decay giúp tôn lên những đường nét thanh tú và vẻ đẹp tự nhiên của bạn. Với chất lượng vượt trội, kết cấu mỏng mịn và độ bám tốt, đây là món đồ không thể thiếu trong bộ sưu tập trang điểm của các tín đồ làm đẹp."
Makeup,Maybelline,Hyper Curl Mascara,Black,180.000 đ,240.000 đ,35.0,https://encrypted-tbn0.gstatic.com/images?q=tbn:ANd9GcScBsCEhifB558LDr8_LCxe2PLuMR36Dnvadw&s,"Hyper Curl Mascara chính hãng Maybelline giúp tôn lên những đường nét thanh tú và vẻ đẹp tự nhiên của bạn. Với chất lượng vượt trội, kết cấu mỏng mịn và độ bám tốt, đây là món đồ không thể thiếu trong bộ sưu tập trang điểm của các tín đồ làm đẹp."
Makeup,Maybelline,Sky High Mascara,Black,280.000 đ,350.000 đ,26.0,https://www.maybelline.vn/-/media/project/loreal/brand-sites/mny/apac/vn/lash-sensational-sky-high-mascara/lash-sensational-sky-high-mascara_1.webp?rev=a6b1e3793e7e4acbadc291c130b837d1&cx=0.4&cy=0.34&cw=760&ch=1130&hash=25F2931FC8931699C67D57FDE292AAD8,"Sky High Mascara chính hãng Maybelline giúp tôn lên những đường nét thanh tú và vẻ đẹp tự nhiên của bạn. Với chất lượng vượt trội, kết cấu mỏng mịn và độ bám tốt, đây là món đồ không thể thiếu trong bộ sưu tập trang điểm của các tín đồ làm đẹp."
Makeup,Clio,Kill Lash Mascara,Long Curling,320.000 đ,420.000 đ,20.0,https://sv9-cdn.stylevana.com/media/catalog/product/cache/7e00eb21d3013c69d32459d0d98e2fbf/c/l/clio-kill-lash-superproof-mascara-7g-01-long-curling-456.webp,"Kill Lash Mascara chính hãng Clio giúp tôn lên những đường nét thanh tú và vẻ đẹp tự nhiên của bạn. Với chất lượng vượt trội, kết cấu mỏng mịn và độ bám tốt, đây là món đồ không thể thiếu trong bộ sưu tập trang điểm của các tín đồ làm đẹp."
Makeup,Heroine Make,Long & Curl Mascara,Black,320.000 đ,420.000 đ,18.0,https://encrypted-tbn3.gstatic.com/shopping?q=tbn:ANd9GcRGOwwbVYylMzUSMFd-ZLziJ7DHfQHbUS5XhNKDnhZlul1Iv6iLLaoeRxdU8J8pfWY5PkrxeJ9u9xhNHmi5bc-CWDeMZ7ukSqy0bXeLAvOS8cWeLsO2AiFWKDpJ1Tuzkh4c6pSq5Hc&usqp=CAc,"Long & Curl Mascara chính hãng Heroine Make giúp tôn lên những đường nét thanh tú và vẻ đẹp tự nhiên của bạn. Với chất lượng vượt trội, kết cấu mỏng mịn và độ bám tốt, đây là món đồ không thể thiếu trong bộ sưu tập trang điểm của các tín đồ làm đẹp."
Makeup,Kiss Me,Smooth Liquid Eyeliner,Brown,280.000 đ,350.000 đ,22.0,https://down-vn.img.susercontent.com/file/cn-11134207-7ras8-mcd5a3x7yu98d9.webp,"Smooth Liquid Eyeliner chính hãng Kiss Me giúp tôn lên những đường nét thanh tú và vẻ đẹp tự nhiên của bạn. Với chất lượng vượt trội, kết cấu mỏng mịn và độ bám tốt, đây là món đồ không thể thiếu trong bộ sưu tập trang điểm của các tín đồ làm đẹp."
Makeup,Maybelline,Hyper Sharp Liner,Black,180.000 đ,240.000 đ,32.0,https://down-vn.img.susercontent.com/file/vn-11134207-7ras8-mdefr1bkrh9r9c@resize_w900_nl.webp,"Hyper Sharp Liner chính hãng Maybelline giúp tôn lên những đường nét thanh tú và vẻ đẹp tự nhiên của bạn. Với chất lượng vượt trội, kết cấu mỏng mịn và độ bám tốt, đây là món đồ không thể thiếu trong bộ sưu tập trang điểm của các tín đồ làm đẹp."
Makeup,3CE,Eye Switch,Double Note,320.000 đ,420.000 đ,14.0,https://image.hsv-tech.io/1987x0/bbx/common/f3d29f41-56ac-423a-8f13-bf741136a580.webp,"Eye Switch chính hãng 3CE giúp tôn lên những đường nét thanh tú và vẻ đẹp tự nhiên của bạn. Với chất lượng vượt trội, kết cấu mỏng mịn và độ bám tốt, đây là món đồ không thể thiếu trong bộ sưu tập trang điểm của các tín đồ làm đẹp."
Makeup,Innisfree,Auto Eyebrow Pencil,Gray,120.000 đ,180.000 đ,40.0,https://encrypted-tbn0.gstatic.com/shopping?q=tbn:ANd9GcTjyA-HGJkX34Pq2ipF69BmlJUmxW1nbnwUyFzrCKdOL5p1ADFmS2JXECcWQo_tre2xZQJWkTKcdbSTAOgSCtIhLpyFCelObwcU_Hr9zmSZwmQqK2y88Wo9eHi3LpqHeQrRIYBRlg&usqp=CAc,"Auto Eyebrow Pencil chính hãng Innisfree giúp tôn lên những đường nét thanh tú và vẻ đẹp tự nhiên của bạn. Với chất lượng vượt trội, kết cấu mỏng mịn và độ bám tốt, đây là món đồ không thể thiếu trong bộ sưu tập trang điểm của các tín đồ làm đẹp."
Makeup,Etude,Drawing Eye Brow,Gray Brown,90.000 đ,140.000 đ,45.0,https://encrypted-tbn3.gstatic.com/shopping?q=tbn:ANd9GcQlBgEhI9RGM5ZX6VI7UNYbad_hgteqc7jAO58RMg07yoLxv0uU3ShX413BhVP2Pd3RDrgI43_xX2_UBr09Zx_K_RYp6UiwmMlDAYC5sHAscCe7sXFZUH-w22rj1zVItjWSTHdl3Q&usqp=CAc,"Drawing Eye Brow chính hãng Etude giúp tôn lên những đường nét thanh tú và vẻ đẹp tự nhiên của bạn. Với chất lượng vượt trội, kết cấu mỏng mịn và độ bám tốt, đây là món đồ không thể thiếu trong bộ sưu tập trang điểm của các tín đồ làm đẹp."
Makeup,Romand,Han All Brow Fixer,Clear,180.000 đ,240.000 đ,28.0,https://product.hstatic.net/200000425265/product/1_d5ce2a0b95fc4af3888852bebb68d9da_master.webp,"Han All Brow Fixer chính hãng Romand giúp tôn lên những đường nét thanh tú và vẻ đẹp tự nhiên của bạn. Với chất lượng vượt trội, kết cấu mỏng mịn và độ bám tốt, đây là món đồ không thể thiếu trong bộ sưu tập trang điểm của các tín đồ làm đẹp."
Makeup,Benefit,Gimme Brow+,03 Warm Light Brown,780.000 đ,920.000 đ,8.0,https://encrypted-tbn0.gstatic.com/images?q=tbn:ANd9GcSMHe8UlpS-5ccYUNLcUkrn4Uyr_Ln9rB-00g&s,"Gimme Brow+ chính hãng Benefit giúp tôn lên những đường nét thanh tú và vẻ đẹp tự nhiên của bạn. Với chất lượng vượt trội, kết cấu mỏng mịn và độ bám tốt, đây là món đồ không thể thiếu trong bộ sưu tập trang điểm của các tín đồ làm đẹp."
Makeup,Benefit,Hoola Bronzer,Original,980.000 đ,1.150.000 đ,6.0,https://www.benefitcosmetics.com/dw/image/v2/BKFV_PRD/on/demandware.static/-/Sites-bencos-master-catalog/default/dwc02235ea/product_images/HOOLAIB74_2025/Main_d09466_full_hoola_shadeoriginal.webp?sw=624&sh=624&q=85,"Hoola Bronzer chính hãng Benefit giúp tôn lên những đường nét thanh tú và vẻ đẹp tự nhiên của bạn. Với chất lượng vượt trội, kết cấu mỏng mịn và độ bám tốt, đây là món đồ không thể thiếu trong bộ sưu tập trang điểm của các tín đồ làm đẹp."
Makeup,Too Cool For School,Artclass By Rodin,Classic,320.000 đ,420.000 đ,20.0,https://encrypted-tbn0.gstatic.com/images?q=tbn:ANd9GcT8KJT3wQEaeo3pVUejcw1xYC8F2TRhoBy96Q&s,"Artclass By Rodin chính hãng Too Cool For School giúp tôn lên những đường nét thanh tú và vẻ đẹp tự nhiên của bạn. Với chất lượng vượt trội, kết cấu mỏng mịn và độ bám tốt, đây là món đồ không thể thiếu trong bộ sưu tập trang điểm của các tín đồ làm đẹp."
Makeup,Romand,Better Than Cheek,Blueberry Chip,220.000 đ,280.000 đ,24.0,https://encrypted-tbn0.gstatic.com/shopping?q=tbn:ANd9GcTNyaGQ9IIXX9gl4Ed9NVBYQj-GKB2mPk9REoYnaGsKmmZxUQAI42bgTRlqtOrI-3j2FT5ZGphFkSl9gTXAxrWdkuL2I0u8GHzb6inKyWQoiFWwOuDewY_7&usqp=CAc,"Better Than Cheek chính hãng Romand giúp tôn lên những đường nét thanh tú và vẻ đẹp tự nhiên của bạn. Với chất lượng vượt trội, kết cấu mỏng mịn và độ bám tốt, đây là món đồ không thể thiếu trong bộ sưu tập trang điểm của các tín đồ làm đẹp."
Makeup,3CE,Face Blush,Rose Beige,320.000 đ,420.000 đ,16.0,https://product.hstatic.net/200000617989/product/8809437399686_872eacd680914786a26f12d552fceb6d_1024x1024.webp,"Face Blush chính hãng 3CE giúp tôn lên những đường nét thanh tú và vẻ đẹp tự nhiên của bạn. Với chất lượng vượt trội, kết cấu mỏng mịn và độ bám tốt, đây là món đồ không thể thiếu trong bộ sưu tập trang điểm của các tín đồ làm đẹp."
Makeup,NARS,Blush,Orgasm,980.000 đ,1.150.000 đ,8.0,https://bizweb.dktcdn.net/100/514/727/products/nars-blush-deep-throat.webp?v=1756760146497,"Blush chính hãng NARS giúp tôn lên những đường nét thanh tú và vẻ đẹp tự nhiên của bạn. Với chất lượng vượt trội, kết cấu mỏng mịn và độ bám tốt, đây là món đồ không thể thiếu trong bộ sưu tập trang điểm của các tín đồ làm đẹp."
Makeup,Dior,Rosy Glow,001 Pink,1.050.000 đ,1.250.000 đ,6.0,https://kallos.co/cdn/shop/files/DiorRosyGlow10.webp?v=1693221584&width=1100,"Rosy Glow chính hãng Dior giúp tôn lên những đường nét thanh tú và vẻ đẹp tự nhiên của bạn. Với chất lượng vượt trội, kết cấu mỏng mịn và độ bám tốt, đây là món đồ không thể thiếu trong bộ sưu tập trang điểm của các tín đồ làm đẹp."
Makeup,Fenty Beauty,Killawatt Highlighter,Mean Money,1.200.000 đ,1.400.000 đ,5.0,https://product.hstatic.net/200000150709/product/1_0159754cd23f45d0b7076acc40e765a6.webp,"Killawatt Highlighter chính hãng Fenty Beauty giúp tôn lên những đường nét thanh tú và vẻ đẹp tự nhiên của bạn. Với chất lượng vượt trội, kết cấu mỏng mịn và độ bám tốt, đây là món đồ không thể thiếu trong bộ sưu tập trang điểm của các tín đồ làm đẹp."
Makeup,OFRA,Highlighter,Pillow Talk,680.000 đ,820.000 đ,10.0,https://www.spacenk.com/dw/image/v2/ABCE_PRD/on/demandware.static/-/Sites-spacenkmastercatalog/default/dw84264a04/products/RARE/UK200036864_RARE.webp?sw=582&sh=582,"Highlighter chính hãng OFRA giúp tôn lên những đường nét thanh tú và vẻ đẹp tự nhiên của bạn. Với chất lượng vượt trội, kết cấu mỏng mịn và độ bám tốt, đây là món đồ không thể thiếu trong bộ sưu tập trang điểm của các tín đồ làm đẹp."
Makeup,Wet n Wild,MegaGlo Highlighting Powder,Precious Petals,180.000 đ,240.000 đ,26.0,https://encrypted-tbn0.gstatic.com/images?q=tbn:ANd9GcS3XKMg-waigpVs7T4etEupb2fAzlGefDW_Lw&s,"MegaGlo Highlighting Powder chính hãng Wet n Wild giúp tôn lên những đường nét thanh tú và vẻ đẹp tự nhiên của bạn. Với chất lượng vượt trội, kết cấu mỏng mịn và độ bám tốt, đây là món đồ không thể thiếu trong bộ sưu tập trang điểm của các tín đồ làm đẹp."
Makeup,Charlotte Tilbury,Beauty Light Wand,Spotlight,1.250.000 đ,1.450.000 đ,5.0,https://encrypted-tbn1.gstatic.com/shopping?q=tbn:ANd9GcRhNTeEy4twyN_t78KnssyJ27Dv4FBpkGIGHOgxRJ8G5YQBVwz1L7v_-TZExUtd-soNph_SnbEPyggu_45Q241ldearXE-dIH6TjdmJbaA_ao62wDzXcSM3sks4H7mIcmuWWAIjWQvX&usqp=CAc,"Beauty Light Wand chính hãng Charlotte Tilbury giúp tôn lên những đường nét thanh tú và vẻ đẹp tự nhiên của bạn. Với chất lượng vượt trội, kết cấu mỏng mịn và độ bám tốt, đây là món đồ không thể thiếu trong bộ sưu tập trang điểm của các tín đồ làm đẹp."
Makeup,NYX,Setting Spray,Matte Finish,280.000 đ,350.000 đ,22.0,https://file.hstatic.net/1000025647/file/xit_khoang_khoa_nen_mac_prep___prime_fix__100ml_1024x1024.webp,"Setting Spray chính hãng NYX giúp tôn lên những đường nét thanh tú và vẻ đẹp tự nhiên của bạn. Với chất lượng vượt trội, kết cấu mỏng mịn và độ bám tốt, đây là món đồ không thể thiếu trong bộ sưu tập trang điểm của các tín đồ làm đẹp."
Makeup,Urban Decay,All Nighter Setting Spray,118ml,980.000 đ,1.150.000 đ,8.0,https://encrypted-tbn2.gstatic.com/shopping?q=tbn:ANd9GcTd-f6zgxDYCezCv7IGco4h6pQDuLGP0nv6tWhmuPsTAxYZ3SKWMQtWQjHKviNhryZ0riEw4Xdevx2qb5N7osiozo8nqCGb_SzDj9acznFDb08vnTd4xPZp47Duk6RHbkgOK7GvUts&usqp=CAc,"All Nighter Setting Spray chính hãng Urban Decay giúp tôn lên những đường nét thanh tú và vẻ đẹp tự nhiên của bạn. Với chất lượng vượt trội, kết cấu mỏng mịn và độ bám tốt, đây là món đồ không thể thiếu trong bộ sưu tập trang điểm của các tín đồ làm đẹp."
Makeup,Make Up For Ever,Mist & Fix,100ml,720.000 đ,850.000 đ,10.0,https://nanabeauty.com.vn/upload/product/937484709512.webp,"Mist & Fix chính hãng Make Up For Ever giúp tôn lên những đường nét thanh tú và vẻ đẹp tự nhiên của bạn. Với chất lượng vượt trội, kết cấu mỏng mịn và độ bám tốt, đây là món đồ không thể thiếu trong bộ sưu tập trang điểm của các tín đồ làm đẹp."
Makeup,Real Techniques,Makeup Sponge,1pcs,180.000 đ,240.000 đ,35.0,https://media.allure.com/photos/5930dd562b2d9139db1a7625/16:9/w_2560%2Cc_limit/beautyblender2.webp,"Makeup Sponge chính hãng Real Techniques giúp tôn lên những đường nét thanh tú và vẻ đẹp tự nhiên của bạn. Với chất lượng vượt trội, kết cấu mỏng mịn và độ bám tốt, đây là món đồ không thể thiếu trong bộ sưu tập trang điểm của các tín đồ làm đẹp."
Makeup,Real Techniques,Brush Set,4pcs,520.000 đ,620.000 đ,16.0,https://encrypted-tbn2.gstatic.com/shopping?q=tbn:ANd9GcTJ7t7BtgDn182oKjdRXwHIOM3A8LN91Sqa8jnPDsjK0NbCfKUfATQt3fxdpv51JOs5eRWCeoVr8Y9p-_QiYWbfBIewQbTAWch7fbxogqRURaixL2g6StN0f0oOP_qXnQJ_gJ2dig&usqp=CAc,"Brush Set chính hãng Real Techniques giúp tôn lên những đường nét thanh tú và vẻ đẹp tự nhiên của bạn. Với chất lượng vượt trội, kết cấu mỏng mịn và độ bám tốt, đây là món đồ không thể thiếu trong bộ sưu tập trang điểm của các tín đồ làm đẹp."
Makeup,Fillimilli,Makeup Puff,5pcs,120.000 đ,180.000 đ,28.0,https://file.hstatic.net/200000551679/file/artboard_5_1024x1024.webp,"Makeup Puff chính hãng Fillimilli giúp tôn lên những đường nét thanh tú và vẻ đẹp tự nhiên của bạn. Với chất lượng vượt trội, kết cấu mỏng mịn và độ bám tốt, đây là món đồ không thể thiếu trong bộ sưu tập trang điểm của các tín đồ làm đẹp."
Makeup,Morphe,Brush Set,12pcs,980.000 đ,1.150.000 đ,8.0,https://www.bkbeauty.com/cdn/shop/products/LuxurySet_16pc_group.webp?v=1762198124&width=2048,"Brush Set chính hãng Morphe giúp tôn lên những đường nét thanh tú và vẻ đẹp tự nhiên của bạn. Với chất lượng vượt trội, kết cấu mỏng mịn và độ bám tốt, đây là món đồ không thể thiếu trong bộ sưu tập trang điểm của các tín đồ làm đẹp."
Makeup,Beauty Blender,Original Sponge,Pink,520.000 đ,620.000 đ,12.0,https://sapo.dktcdn.net/100/412/141/variants/40838223-bd95-4187-ac4b-84f621ce5c54.webp,"Original Sponge chính hãng Beauty Blender giúp tôn lên những đường nét thanh tú và vẻ đẹp tự nhiên của bạn. Với chất lượng vượt trội, kết cấu mỏng mịn và độ bám tốt, đây là món đồ không thể thiếu trong bộ sưu tập trang điểm của các tín đồ làm đẹp."
Makeup,Shu Uemura,Eyelash Curler,Standard,620.000 đ,720.000 đ,10.0,https://cdn.shopify.com/s/files/1/0695/5712/5440/files/Shiseido-Eyelash-Curler-Original-Made-in-Japan-2-2025-04-27T23_50_54.055Z.webp?v=1745798177,"Eyelash Curler chính hãng Shu Uemura giúp tôn lên những đường nét thanh tú và vẻ đẹp tự nhiên của bạn. Với chất lượng vượt trội, kết cấu mỏng mịn và độ bám tốt, đây là món đồ không thể thiếu trong bộ sưu tập trang điểm của các tín đồ làm đẹp."
Makeup,Dior,Addict Lip Glow,001 Pink,980.000 đ,1.150.000 đ,8.0,https://kyo.vn/wp-content/uploads/2019/09/duong-dior-001-moi-2021.webp,"Addict Lip Glow chính hãng Dior giúp tôn lên những đường nét thanh tú và vẻ đẹp tự nhiên của bạn. Với chất lượng vượt trội, kết cấu mỏng mịn và độ bám tốt, đây là món đồ không thể thiếu trong bộ sưu tập trang điểm của các tín đồ làm đẹp."
Makeup,Chanel,Les Beiges Lip Balm,Light,1.050.000 đ,1.250.000 đ,5.0,https://i.ebayimg.com/images/g/2l8AAOSwRk5nIdZT/s-l1200.webp,"Les Beiges Lip Balm chính hãng Chanel giúp tôn lên những đường nét thanh tú và vẻ đẹp tự nhiên của bạn. Với chất lượng vượt trội, kết cấu mỏng mịn và độ bám tốt, đây là món đồ không thể thiếu trong bộ sưu tập trang điểm của các tín đồ làm đẹp."
Makeup,Romand,Glow Fixing Tint,Peony Ballet,220.000 đ,280.000 đ,24.0,https://encrypted-tbn0.gstatic.com/images?q=tbn:ANd9GcT5iINlTbTquN4uCWRxvES9Ht2Y9tLbamCSWA&s,"Glow Fixing Tint chính hãng Romand giúp tôn lên những đường nét thanh tú và vẻ đẹp tự nhiên của bạn. Với chất lượng vượt trội, kết cấu mỏng mịn và độ bám tốt, đây là món đồ không thể thiếu trong bộ sưu tập trang điểm của các tín đồ làm đẹp."
Makeup,Peripera,Ink Mood Glowy Tint,Coral,220.000 đ,280.000 đ,22.0,https://encrypted-tbn3.gstatic.com/shopping?q=tbn:ANd9GcS3X69SYdVQFjpYMc1SrgZhLALnjSlBCvKnhlXbFsFF3o2w1ktARMmd7GovIB6nX1Urj7xJ9xOAeCZCS8uWVs3eIPhWfMMR1UUczWMqWSmclrQTSsOgu1cSetI-1dmFWsW27vqXidE&usqp=CAc,"Ink Mood Glowy Tint chính hãng Peripera giúp tôn lên những đường nét thanh tú và vẻ đẹp tự nhiên của bạn. Với chất lượng vượt trội, kết cấu mỏng mịn và độ bám tốt, đây là món đồ không thể thiếu trong bộ sưu tập trang điểm của các tín đồ làm đẹp."
Makeup,3CE,Glow Lip Color,Youth,320.000 đ,420.000 đ,16.0,https://encrypted-tbn3.gstatic.com/shopping?q=tbn:ANd9GcR-QrrZ7yVzcsJTDzj8y5C4auS9lP-FT4Xtx1R8T4_GhvYi70_BWm1imH1i9p2DQw-gU7XitgEnwC6vuWqwv4FBhg-Kq7F3605G54p-xlEF0aIwWo6UAnq97rlbbpfKtz_rQ7d-7nM&usqp=CAc,"Glow Lip Color chính hãng 3CE giúp tôn lên những đường nét thanh tú và vẻ đẹp tự nhiên của bạn. Với chất lượng vượt trội, kết cấu mỏng mịn và độ bám tốt, đây là món đồ không thể thiếu trong bộ sưu tập trang điểm của các tín đồ làm đẹp."
Makeup,Bobbi Brown,Crushed Lip Color,Babe,850.000 đ,980.000 đ,8.0,https://encrypted-tbn1.gstatic.com/shopping?q=tbn:ANd9GcSMEnjAOwP-zmqPZwXnOnQ7GBoT7ZDhBUaGHvY6QuctTcuEV0UFFYXYa7Dad6sI-apJ6vnvPjC7CEg6pOKSV7LymYH6imtDFA&usqp=CAc,"Crushed Lip Color chính hãng Bobbi Brown giúp tôn lên những đường nét thanh tú và vẻ đẹp tự nhiên của bạn. Với chất lượng vượt trội, kết cấu mỏng mịn và độ bám tốt, đây là món đồ không thể thiếu trong bộ sưu tập trang điểm của các tín đồ làm đẹp."
Makeup,YSL,Rouge Volupte Shine,80 Chili Tunique,1.100.000 đ,1.300.000 đ,5.0,https://cdn.vuahanghieu.com/unsafe/0x900/left/top/smart/filters:quality(90)/https://admin.vuahanghieu.com/upload/product/2023/01/son-ysl-rouge-volupte-shine-150-nude-lingerie-mau-nude-nhat-63d7497e9fdd9-30012023113718.webp,"Rouge Volupte Shine chính hãng YSL giúp tôn lên những đường nét thanh tú và vẻ đẹp tự nhiên của bạn. Với chất lượng vượt trội, kết cấu mỏng mịn và độ bám tốt, đây là món đồ không thể thiếu trong bộ sưu tập trang điểm của các tín đồ làm đẹp."
Makeup,Lancome,L'Absolu Rouge,274 French Tea,980.000 đ,1.150.000 đ,6.0,https://www.lancome.vn/dw/image/v2/BFZM_PRD/on/demandware.static/-/Sites-lancome-ng-master-catalog/default/dw4334079d/images/new-packshot/Lips/l-absolu-rouge-cream-lipstick-lips-3614273307666-lancom-makeup.webp,"L'Absolu Rouge chính hãng Lancome giúp tôn lên những đường nét thanh tú và vẻ đẹp tự nhiên của bạn. Với chất lượng vượt trội, kết cấu mỏng mịn và độ bám tốt, đây là món đồ không thể thiếu trong bộ sưu tập trang điểm của các tín đồ làm đẹp."
Makeup,MAC,Lip Pencil,Whirl,520.000 đ,620.000 đ,10.0,https://sdcdn.io/mac/ca/mac_sku_S4W933_1x1_0.webp?width=1440&height=1440,"Lip Pencil chính hãng MAC giúp tôn lên những đường nét thanh tú và vẻ đẹp tự nhiên của bạn. Với chất lượng vượt trội, kết cấu mỏng mịn và độ bám tốt, đây là món đồ không thể thiếu trong bộ sưu tập trang điểm của các tín đồ làm đẹp."
Makeup,NYX,Soft Matte Lip Cream,Cannes,180.000 đ,240.000 đ,26.0,https://images-na.ssl-images-amazon.com/images/I/61h1jXjnTpS.webp,"Soft Matte Lip Cream chính hãng NYX giúp tôn lên những đường nét thanh tú và vẻ đẹp tự nhiên của bạn. Với chất lượng vượt trội, kết cấu mỏng mịn và độ bám tốt, đây là món đồ không thể thiếu trong bộ sưu tập trang điểm của các tín đồ làm đẹp."
Makeup,Bbia,Last Auto Gel Eyeliner,Jazz,140.000 đ,200.000 đ,32.0,https://encrypted-tbn0.gstatic.com/shopping?q=tbn:ANd9GcQkqFmMn1lFhWoGUyWeScMlgKL64cBA1RFtWcxDsHRNLiY8DtxVxjtNfC6AoWPkbZrXfeMsUBwz7NJOF74V4jau1Z0V_Plw40zbHCzCKdoIoV1Zcu5xA4jOHD9Wgz8OFzAgz4KXGOA&usqp=CAc,"Last Auto Gel Eyeliner chính hãng Bbia giúp tôn lên những đường nét thanh tú và vẻ đẹp tự nhiên của bạn. Với chất lượng vượt trội, kết cấu mỏng mịn và độ bám tốt, đây là món đồ không thể thiếu trong bộ sưu tập trang điểm của các tín đồ làm đẹp."
Makeup,Canmake,Cream Cheek,16 Almond Terracotta,220.000 đ,280.000 đ,20.0,https://mint07.com/wp-content/uploads/2020/03/phan-ma-canmake-dang-kem-cream-cheek-21.webp,"Cream Cheek chính hãng Canmake giúp tôn lên những đường nét thanh tú và vẻ đẹp tự nhiên của bạn. Với chất lượng vượt trội, kết cấu mỏng mịn và độ bám tốt, đây là món đồ không thể thiếu trong bộ sưu tập trang điểm của các tín đồ làm đẹp."
Makeup,Etude,Fixing Tint,Midnight Mauve,220.000 đ,280.000 đ,28.0,https://encrypted-tbn0.gstatic.com/images?q=tbn:ANd9GcRiRxdb-fsY7f91f0PynxtKPVaqjqYgxGqIBQ&s,"Fixing Tint chính hãng Etude giúp tôn lên những đường nét thanh tú và vẻ đẹp tự nhiên của bạn. Với chất lượng vượt trội, kết cấu mỏng mịn và độ bám tốt, đây là món đồ không thể thiếu trong bộ sưu tập trang điểm của các tín đồ làm đẹp."
Makeup,Romand,Zero Matte Lipstick,Dusty Pink,220.000 đ,280.000 đ,22.0,https://product.hstatic.net/1000006063/product/lipstick_7_c4f580a83d9649be9bbbe6d64c0d8c46_1024x1024.webp,"Zero Matte Lipstick chính hãng Romand giúp tôn lên những đường nét thanh tú và vẻ đẹp tự nhiên của bạn. Với chất lượng vượt trội, kết cấu mỏng mịn và độ bám tốt, đây là món đồ không thể thiếu trong bộ sưu tập trang điểm của các tín đồ làm đẹp."
Makeup,Clio,Sharp So Simple Pencil Liner,Brown,180.000 đ,240.000 đ,24.0,https://encrypted-tbn3.gstatic.com/shopping?q=tbn:ANd9GcS400R4uxlz55TqY5cQmBo2sTVuqgNIslSYhsYgtEph-xccXNzYBysFk8CyxJn1v9z9YPcdqErmjpXvVOnqTXWZuOflkYaH4UL7SzZA96-UDnOJPzG_tkgB2WD0GU78YAZKXKNdaKs&usqp=CAc,"Sharp So Simple Pencil Liner chính hãng Clio giúp tôn lên những đường nét thanh tú và vẻ đẹp tự nhiên của bạn. Với chất lượng vượt trội, kết cấu mỏng mịn và độ bám tốt, đây là món đồ không thể thiếu trong bộ sưu tập trang điểm của các tín đồ làm đẹp."
Makeup,Peripera,Speedy Skinny Brow,Gray Brown,120.000 đ,180.000 đ,30.0,https://down-vn.img.susercontent.com/file/sg-11134201-822xl-mo9zj20skfm655.webp,"Speedy Skinny Brow chính hãng Peripera giúp tôn lên những đường nét thanh tú và vẻ đẹp tự nhiên của bạn. Với chất lượng vượt trội, kết cấu mỏng mịn và độ bám tốt, đây là món đồ không thể thiếu trong bộ sưu tập trang điểm của các tín đồ làm đẹp."
Makeup,The Saem,Eco Soul Contour Palette,1,220.000 đ,280.000 đ,18.0,https://img.hwahae.co.kr/products/1775875/1775875_20220801000000.webp,"Eco Soul Contour Palette chính hãng The Saem giúp tôn lên những đường nét thanh tú và vẻ đẹp tự nhiên của bạn. Với chất lượng vượt trội, kết cấu mỏng mịn và độ bám tốt, đây là món đồ không thể thiếu trong bộ sưu tập trang điểm của các tín đồ làm đẹp."
Makeup,Holika Holika,Piece Matching Shadow,BE02,120.000 đ,180.000 đ,26.0,https://down-vn.img.susercontent.com/file/vn-11134207-7qukw-ljo1v44gisqqe7,"Piece Matching Shadow chính hãng Holika Holika giúp tôn lên những đường nét thanh tú và vẻ đẹp tự nhiên của bạn. Với chất lượng vượt trội, kết cấu mỏng mịn và độ bám tốt, đây là món đồ không thể thiếu trong bộ sưu tập trang điểm của các tín đồ làm đẹp."
Makeup,3CE,Plumping Lips,Light Coral,350.000 đ,450.000 đ,12.0,https://product.hstatic.net/200000714339/product/3ce_pumping_lips__1__23b5bf8afa9242e5b61839bcc19abae1_1024x1024.webp,"Plumping Lips chính hãng 3CE giúp tôn lên những đường nét thanh tú và vẻ đẹp tự nhiên của bạn. Với chất lượng vượt trội, kết cấu mỏng mịn và độ bám tốt, đây là món đồ không thể thiếu trong bộ sưu tập trang điểm của các tín đồ làm đẹp."
Makeup,Too Faced,Lip Injection Extreme,Clear,850.000 đ,980.000 đ,8.0,https://down-vn.img.susercontent.com/file/sg-11134201-81zvi-midie99w9xxd0a@resize_w900_nl.webp,"Lip Injection Extreme chính hãng Too Faced giúp tôn lên những đường nét thanh tú và vẻ đẹp tự nhiên của bạn. Với chất lượng vượt trội, kết cấu mỏng mịn và độ bám tốt, đây là món đồ không thể thiếu trong bộ sưu tập trang điểm của các tín đồ làm đẹp."
Makeup,Romand,Better Than Eyes,Dry Rose,320.000 đ,420.000 đ,18.0,https://down-vn.img.susercontent.com/file/sg-11134201-820nc-mnu8247qzqpv25.webp,"Better Than Eyes chính hãng Romand giúp tôn lên những đường nét thanh tú và vẻ đẹp tự nhiên của bạn. Với chất lượng vượt trội, kết cấu mỏng mịn và độ bám tốt, đây là món đồ không thể thiếu trong bộ sưu tập trang điểm của các tín đồ làm đẹp."
Body Care,Dove,Sữa Tắm Deeply Nourishing,530g,180.000 đ,240.000 đ,35.0,https://down-vn.img.susercontent.com/file/vn-11134207-7ras8-mb6k5kh3jbvbde.webp,"Dòng sản phẩm Sữa Tắm Deeply Nourishing của Dove giúp làm sạch, cấp ẩm và nuôi dưỡng làn da toàn thân một cách toàn diện. Công thức nhẹ dịu, hương thơm thư giãn mang lại cảm giác dễ chịu, giúp da luôn mềm mại và mịn màng sau mỗi lần sử dụng."
Body Care,Dove,Sữa Tắm Go Fresh,530g,180.000 đ,240.000 đ,32.0,https://down-vn.img.susercontent.com/file/vn-11134201-7ras8-mas9fhy45ionb3.webp,"Dòng sản phẩm Sữa Tắm Go Fresh của Dove giúp làm sạch, cấp ẩm và nuôi dưỡng làn da toàn thân một cách toàn diện. Công thức nhẹ dịu, hương thơm thư giãn mang lại cảm giác dễ chịu, giúp da luôn mềm mại và mịn màng sau mỗi lần sử dụng."
Body Care,Dove,Kem Dưỡng Thể Nourishing Secrets,400ml,220.000 đ,280.000 đ,20.0,https://down-vn.img.susercontent.com/file/vn-11134201-7ra0g-m7t46d0uktv75b@resize_w900_nl.webp,"Dòng sản phẩm Kem Dưỡng Thể Nourishing Secrets của Dove giúp làm sạch, cấp ẩm và nuôi dưỡng làn da toàn thân một cách toàn diện. Công thức nhẹ dịu, hương thơm thư giãn mang lại cảm giác dễ chịu, giúp da luôn mềm mại và mịn màng sau mỗi lần sử dụng."
Body Care,Nivea,Sữa Dưỡng Thể Extra White,350ml,180.000 đ,240.000 đ,30.0,https://down-vn.img.susercontent.com/file/vn-11134207-81ztc-mo56zxlakagzbd.webp,"Dòng sản phẩm Sữa Dưỡng Thể Extra White của Nivea giúp làm sạch, cấp ẩm và nuôi dưỡng làn da toàn thân một cách toàn diện. Công thức nhẹ dịu, hương thơm thư giãn mang lại cảm giác dễ chịu, giúp da luôn mềm mại và mịn màng sau mỗi lần sử dụng."
Body Care,Nivea,Sữa Dưỡng Thể Ban Đêm,350ml,180.000 đ,240.000 đ,28.0,https://down-vn.img.susercontent.com/file/vn-11134207-81ztc-mo55ect9ltz936.webp,"Dòng sản phẩm Sữa Dưỡng Thể Ban Đêm của Nivea giúp làm sạch, cấp ẩm và nuôi dưỡng làn da toàn thân một cách toàn diện. Công thức nhẹ dịu, hương thơm thư giãn mang lại cảm giác dễ chịu, giúp da luôn mềm mại và mịn màng sau mỗi lần sử dụng."
Body Care,Nivea,Lăn Khử Mùi Pearl Beauty,50ml,120.000 đ,180.000 đ,40.0,https://down-vn.img.susercontent.com/file/vn-11134207-81ztc-mnjodv08oz5x6d.webp,"Dòng sản phẩm Lăn Khử Mùi Pearl Beauty của Nivea giúp làm sạch, cấp ẩm và nuôi dưỡng làn da toàn thân một cách toàn diện. Công thức nhẹ dịu, hương thơm thư giãn mang lại cảm giác dễ chịu, giúp da luôn mềm mại và mịn màng sau mỗi lần sử dụng."
Body Care,Vaseline,Body Lotion Healthy Bright,350ml,180.000 đ,240.000 đ,36.0,https://down-vn.img.susercontent.com/file/vn-11134207-820l4-mg62hyqea3v2b9.webp,"Dòng sản phẩm Body Lotion Healthy Bright của Vaseline giúp làm sạch, cấp ẩm và nuôi dưỡng làn da toàn thân một cách toàn diện. Công thức nhẹ dịu, hương thơm thư giãn mang lại cảm giác dễ chịu, giúp da luôn mềm mại và mịn màng sau mỗi lần sử dụng."
Body Care,Vaseline,Body Lotion Gluta Hya,330ml,220.000 đ,280.000 đ,28.0,https://down-vn.img.susercontent.com/file/https%3A%2F%2Fmms.img.susercontent.com%2Fsg-11134301-81zvy-mmzrlnkkgsg143.webp,"Dòng sản phẩm Body Lotion Gluta Hya của Vaseline giúp làm sạch, cấp ẩm và nuôi dưỡng làn da toàn thân một cách toàn diện. Công thức nhẹ dịu, hương thơm thư giãn mang lại cảm giác dễ chịu, giúp da luôn mềm mại và mịn màng sau mỗi lần sử dụng."
Body Care,Vaseline,Kem Dưỡng Tay Healthy Hands,75ml,90.000 đ,140.000 đ,45.0,https://down-vn.img.susercontent.com/file/vn-11134207-7ra0g-m8atjq8yxw935a.webp,"Dòng sản phẩm Kem Dưỡng Tay Healthy Hands của Vaseline giúp làm sạch, cấp ẩm và nuôi dưỡng làn da toàn thân một cách toàn diện. Công thức nhẹ dịu, hương thơm thư giãn mang lại cảm giác dễ chịu, giúp da luôn mềm mại và mịn màng sau mỗi lần sử dụng."
Body Care,St.Ives,Tẩy Da Chết Apricot,170g,180.000 đ,240.000 đ,30.0,https://down-vn.img.susercontent.com/file/vn-11134207-820l4-mejppfkmfojm21.webp,"Dòng sản phẩm Tẩy Da Chết Apricot của St.Ives giúp làm sạch, cấp ẩm và nuôi dưỡng làn da toàn thân một cách toàn diện. Công thức nhẹ dịu, hương thơm thư giãn mang lại cảm giác dễ chịu, giúp da luôn mềm mại và mịn màng sau mỗi lần sử dụng."
Body Care,St.Ives,Tẩy Da Chết Oatmeal,170g,180.000 đ,240.000 đ,28.0,https://images.depxinh.net/products/2019/3/6205/default/st.ives-yen-mach-nen.webp,"Dòng sản phẩm Tẩy Da Chết Oatmeal của St.Ives giúp làm sạch, cấp ẩm và nuôi dưỡng làn da toàn thân một cách toàn diện. Công thức nhẹ dịu, hương thơm thư giãn mang lại cảm giác dễ chịu, giúp da luôn mềm mại và mịn màng sau mỗi lần sử dụng."
Body Care,Cocoon,Tẩy Da Chết Cà Phê Đắk Lắk,200ml,180.000 đ,240.000 đ,25.0,https://encrypted-tbn1.gstatic.com/shopping?q=tbn:ANd9GcTl7L-PvxL0aHrjRznLFISxWSft7ynAURylQ_827vS389hBC16UcHwGJwbYDKLyzstIbY3wbL1yEneg98_qrAdosR-yihoCSSBwOYcz20G4_J7ZiQ1XP3fimYjvE6jiSWH4GvWuLQ&usqp=CAc,"Dòng sản phẩm Tẩy Da Chết Cà Phê Đắk Lắk của Cocoon giúp làm sạch, cấp ẩm và nuôi dưỡng làn da toàn thân một cách toàn diện. Công thức nhẹ dịu, hương thơm thư giãn mang lại cảm giác dễ chịu, giúp da luôn mềm mại và mịn màng sau mỗi lần sử dụng."
Body Care,Cocoon,Kem Dưỡng Body Bí Đao,200ml,220.000 đ,280.000 đ,18.0,https://encrypted-tbn3.gstatic.com/shopping?q=tbn:ANd9GcRP7buKp1N0X0dyz1AkBKFRZ6WdRNu9h01dbdXDdLy5QisXUkPFKRtD076YnODE22Fihw2iY1Pggj5WulOmsVGEQiUA1hud1uN4CVpNjNngXONU0BPoNLtxh-l_eDyhJ97hM8jG8A&usqp=CAc,"Dòng sản phẩm Kem Dưỡng Body Bí Đao của Cocoon giúp làm sạch, cấp ẩm và nuôi dưỡng làn da toàn thân một cách toàn diện. Công thức nhẹ dịu, hương thơm thư giãn mang lại cảm giác dễ chịu, giúp da luôn mềm mại và mịn màng sau mỗi lần sử dụng."
Body Care,The Body Shop,Body Butter Shea,200ml,520.000 đ,620.000 đ,12.0,https://encrypted-tbn0.gstatic.com/shopping?q=tbn:ANd9GcTwBzdv33bw-xjix5aLpr-vga2CbboAvFwFiCS0ojfwLMFyfrcow1dFssx2edR9kjePXHBS7ihnekCchdZAhkfAsmwt4mu-eQ6T5jXHbFHrhCZU9-7ymKDYMThIfWQPdYOTquHQFcg2&usqp=CAc,"Dòng sản phẩm Body Butter Shea của The Body Shop giúp làm sạch, cấp ẩm và nuôi dưỡng làn da toàn thân một cách toàn diện. Công thức nhẹ dịu, hương thơm thư giãn mang lại cảm giác dễ chịu, giúp da luôn mềm mại và mịn màng sau mỗi lần sử dụng."
Body Care,The Body Shop,Body Butter Strawberry,200ml,520.000 đ,620.000 đ,10.0,https://down-vn.img.susercontent.com/file/vn-11134207-81ztc-mliynnv0tfk058.webp,"Dòng sản phẩm Body Butter Strawberry của The Body Shop giúp làm sạch, cấp ẩm và nuôi dưỡng làn da toàn thân một cách toàn diện. Công thức nhẹ dịu, hương thơm thư giãn mang lại cảm giác dễ chịu, giúp da luôn mềm mại và mịn màng sau mỗi lần sử dụng."
Body Care,The Body Shop,Body Mist White Musk,100ml,620.000 đ,720.000 đ,15.0,https://down-vn.img.susercontent.com/file/vn-11134207-7r98o-lu3gbob32kgv32.webp,"Dòng sản phẩm Body Mist White Musk của The Body Shop giúp làm sạch, cấp ẩm và nuôi dưỡng làn da toàn thân một cách toàn diện. Công thức nhẹ dịu, hương thơm thư giãn mang lại cảm giác dễ chịu, giúp da luôn mềm mại và mịn màng sau mỗi lần sử dụng."
Body Care,Victoria's Secret,Body Mist Pure Seduction,250ml,420.000 đ,520.000 đ,18.0,https://down-vn.img.susercontent.com/file/vn-11134207-81ztc-mmivjtfipzwhae.webp,"Dòng sản phẩm Body Mist Pure Seduction của Victoria's Secret giúp làm sạch, cấp ẩm và nuôi dưỡng làn da toàn thân một cách toàn diện. Công thức nhẹ dịu, hương thơm thư giãn mang lại cảm giác dễ chịu, giúp da luôn mềm mại và mịn màng sau mỗi lần sử dụng."
Body Care,Victoria's Secret,Body Mist Velvet Petals,250ml,420.000 đ,520.000 đ,16.0,https://down-vn.img.susercontent.com/file/sg-11134201-81ztc-mmltavof59u742.webp,"Dòng sản phẩm Body Mist Velvet Petals của Victoria's Secret giúp làm sạch, cấp ẩm và nuôi dưỡng làn da toàn thân một cách toàn diện. Công thức nhẹ dịu, hương thơm thư giãn mang lại cảm giác dễ chịu, giúp da luôn mềm mại và mịn màng sau mỗi lần sử dụng."
Body Care,Bath & Body Works,Body Mist Into The Night,236ml,450.000 đ,550.000 đ,14.0,https://down-vn.img.susercontent.com/file/vn-11134207-820l4-miv63l0gdvczbe.webp,"Dòng sản phẩm Body Mist Into The Night của Bath & Body Works giúp làm sạch, cấp ẩm và nuôi dưỡng làn da toàn thân một cách toàn diện. Công thức nhẹ dịu, hương thơm thư giãn mang lại cảm giác dễ chịu, giúp da luôn mềm mại và mịn màng sau mỗi lần sử dụng."
Body Care,Bath & Body Works,Body Lotion Japanese Cherry Blossom,236ml,420.000 đ,520.000 đ,12.0,https://down-vn.img.susercontent.com/file/vn-11134207-7ra0g-m6uhk795ne4837.webp,"Dòng sản phẩm Body Lotion Japanese Cherry Blossom của Bath & Body Works giúp làm sạch, cấp ẩm và nuôi dưỡng làn da toàn thân một cách toàn diện. Công thức nhẹ dịu, hương thơm thư giãn mang lại cảm giác dễ chịu, giúp da luôn mềm mại và mịn màng sau mỗi lần sử dụng."
Body Care,Old Spice,Lăn Khử Mùi Swagger,85g,180.000 đ,240.000 đ,22.0,https://down-vn.img.susercontent.com/file/vn-11134207-81ztc-mljjg78gsmbkbd.webp,"Dòng sản phẩm Lăn Khử Mùi Swagger của Old Spice giúp làm sạch, cấp ẩm và nuôi dưỡng làn da toàn thân một cách toàn diện. Công thức nhẹ dịu, hương thơm thư giãn mang lại cảm giác dễ chịu, giúp da luôn mềm mại và mịn màng sau mỗi lần sử dụng."
Body Care,Old Spice,Sáp Khử Mùi Bearglove,85g,180.000 đ,240.000 đ,20.0,https://down-vn.img.susercontent.com/file/vn-11134207-7ra0g-macn9oqj54g1b0.webp,"Dòng sản phẩm Sáp Khử Mùi Bearglove của Old Spice giúp làm sạch, cấp ẩm và nuôi dưỡng làn da toàn thân một cách toàn diện. Công thức nhẹ dịu, hương thơm thư giãn mang lại cảm giác dễ chịu, giúp da luôn mềm mại và mịn màng sau mỗi lần sử dụng."
Body Care,Rexona,Lăn Khử Mùi Invisible Dry,50ml,90.000 đ,140.000 đ,35.0,https://down-vn.img.susercontent.com/file/vn-11134207-820l4-mis260n48tmof2.webp,"Dòng sản phẩm Lăn Khử Mùi Invisible Dry của Rexona giúp làm sạch, cấp ẩm và nuôi dưỡng làn da toàn thân một cách toàn diện. Công thức nhẹ dịu, hương thơm thư giãn mang lại cảm giác dễ chịu, giúp da luôn mềm mại và mịn màng sau mỗi lần sử dụng."
Body Care,Rexona,Xịt Khử Mùi Shower Clean,150ml,120.000 đ,180.000 đ,32.0,https://down-vn.img.susercontent.com/file/vn-11134201-7ra0g-m7fvo8sdlmpffa.webp,"Dòng sản phẩm Xịt Khử Mùi Shower Clean của Rexona giúp làm sạch, cấp ẩm và nuôi dưỡng làn da toàn thân một cách toàn diện. Công thức nhẹ dịu, hương thơm thư giãn mang lại cảm giác dễ chịu, giúp da luôn mềm mại và mịn màng sau mỗi lần sử dụng."
Body Care,Gillette,Gel Cạo Râu Series,200ml,180.000 đ,240.000 đ,18.0,https://down-vn.img.susercontent.com/file/vn-11134207-820l4-mimrvijdnkegc9.webp,"Dòng sản phẩm Gel Cạo Râu Series của Gillette giúp làm sạch, cấp ẩm và nuôi dưỡng làn da toàn thân một cách toàn diện. Công thức nhẹ dịu, hương thơm thư giãn mang lại cảm giác dễ chịu, giúp da luôn mềm mại và mịn màng sau mỗi lần sử dụng."
Body Care,Gillette,Fusion5 Shaving Foam,250ml,220.000 đ,280.000 đ,16.0,https://down-vn.img.susercontent.com/file/vn-11134207-81ztc-mmilvgoz17ns7a.webp,"Dòng sản phẩm Fusion5 Shaving Foam của Gillette giúp làm sạch, cấp ẩm và nuôi dưỡng làn da toàn thân một cách toàn diện. Công thức nhẹ dịu, hương thơm thư giãn mang lại cảm giác dễ chịu, giúp da luôn mềm mại và mịn màng sau mỗi lần sử dụng."
Body Care,Palmolive,Sữa Tắm Aroma Essence,500ml,150.000 đ,220.000 đ,26.0,https://down-vn.img.susercontent.com/file/vn-11134207-7ra0g-ma14mpv2cemy6c.webp,"Dòng sản phẩm Sữa Tắm Aroma Essence của Palmolive giúp làm sạch, cấp ẩm và nuôi dưỡng làn da toàn thân một cách toàn diện. Công thức nhẹ dịu, hương thơm thư giãn mang lại cảm giác dễ chịu, giúp da luôn mềm mại và mịn màng sau mỗi lần sử dụng."
Body Care,Palmolive,Sữa Tắm Naturals,500ml,150.000 đ,220.000 đ,24.0,https://down-vn.img.susercontent.com/file/vn-11134201-7ras8-mcrjc2m9l8rxf0.webp,"Dòng sản phẩm Sữa Tắm Naturals của Palmolive giúp làm sạch, cấp ẩm và nuôi dưỡng làn da toàn thân một cách toàn diện. Công thức nhẹ dịu, hương thơm thư giãn mang lại cảm giác dễ chịu, giúp da luôn mềm mại và mịn màng sau mỗi lần sử dụng."
Body Care,Lifebuoy,Sữa Tắm Detox,850g,180.000 đ,240.000 đ,30.0,https://down-vn.img.susercontent.com/file/vn-11134207-81ztc-mnz9t6cbvzeobf.webp,"Dòng sản phẩm Sữa Tắm Detox của Lifebuoy giúp làm sạch, cấp ẩm và nuôi dưỡng làn da toàn thân một cách toàn diện. Công thức nhẹ dịu, hương thơm thư giãn mang lại cảm giác dễ chịu, giúp da luôn mềm mại và mịn màng sau mỗi lần sử dụng."
Body Care,Lifebuoy,Sữa Tắm Matcha,850g,180.000 đ,240.000 đ,28.0,https://down-vn.img.susercontent.com/file/vn-11134258-81ztc-mmpn5o534ft15b,"Dòng sản phẩm Sữa Tắm Matcha của Lifebuoy giúp làm sạch, cấp ẩm và nuôi dưỡng làn da toàn thân một cách toàn diện. Công thức nhẹ dịu, hương thơm thư giãn mang lại cảm giác dễ chịu, giúp da luôn mềm mại và mịn màng sau mỗi lần sử dụng."
Body Care,Olay,Sữa Tắm Moisture Ribbons,650ml,220.000 đ,280.000 đ,20.0,https://down-vn.img.susercontent.com/file/vn-11134207-7r98o-lyktg0ekzrd9dd.webp,"Dòng sản phẩm Sữa Tắm Moisture Ribbons của Olay giúp làm sạch, cấp ẩm và nuôi dưỡng làn da toàn thân một cách toàn diện. Công thức nhẹ dịu, hương thơm thư giãn mang lại cảm giác dễ chịu, giúp da luôn mềm mại và mịn màng sau mỗi lần sử dụng."
Body Care,Olay,Body Wash Orchid,650ml,220.000 đ,280.000 đ,18.0,https://down-vn.img.susercontent.com/file/vn-11134207-820l4-mgez39yeo0sv6b.webp,"Dòng sản phẩm Body Wash Orchid của Olay giúp làm sạch, cấp ẩm và nuôi dưỡng làn da toàn thân một cách toàn diện. Công thức nhẹ dịu, hương thơm thư giãn mang lại cảm giác dễ chịu, giúp da luôn mềm mại và mịn màng sau mỗi lần sử dụng."
Body Care,Neutrogena,Body Oil Light Sesame,250ml,320.000 đ,420.000 đ,15.0,https://down-vn.img.susercontent.com/file/3045c46c2e23fa3fe36fed546a13be22.webp,"Dòng sản phẩm Body Oil Light Sesame của Neutrogena giúp làm sạch, cấp ẩm và nuôi dưỡng làn da toàn thân một cách toàn diện. Công thức nhẹ dịu, hương thơm thư giãn mang lại cảm giác dễ chịu, giúp da luôn mềm mại và mịn màng sau mỗi lần sử dụng."
Body Care,Neutrogena,Kem Dưỡng Tay Norwegian,75ml,180.000 đ,240.000 đ,24.0,https://down-vn.img.susercontent.com/file/vn-11134207-820l4-mgsidz6d98gaba.webp,"Dòng sản phẩm Kem Dưỡng Tay Norwegian của Neutrogena giúp làm sạch, cấp ẩm và nuôi dưỡng làn da toàn thân một cách toàn diện. Công thức nhẹ dịu, hương thơm thư giãn mang lại cảm giác dễ chịu, giúp da luôn mềm mại và mịn màng sau mỗi lần sử dụng."
Body Care,CeraVe,SA Smoothing Cream,340g,520.000 đ,620.000 đ,12.0,https://down-vn.img.susercontent.com/file/vn-11134207-81ztc-mm03jx4fa58l09.webp,"Dòng sản phẩm SA Smoothing Cream của CeraVe giúp làm sạch, cấp ẩm và nuôi dưỡng làn da toàn thân một cách toàn diện. Công thức nhẹ dịu, hương thơm thư giãn mang lại cảm giác dễ chịu, giúp da luôn mềm mại và mịn màng sau mỗi lần sử dụng."
Body Care,CeraVe,Moisturizing Lotion,473ml,480.000 đ,580.000 đ,14.0,https://down-vn.img.susercontent.com/file/vn-11134207-7ras8-mcljef88ag4i98.webp,"Dòng sản phẩm Moisturizing Lotion của CeraVe giúp làm sạch, cấp ẩm và nuôi dưỡng làn da toàn thân một cách toàn diện. Công thức nhẹ dịu, hương thơm thư giãn mang lại cảm giác dễ chịu, giúp da luôn mềm mại và mịn màng sau mỗi lần sử dụng."
Body Care,Eucerin,Urea Repair Plus Lotion,400ml,450.000 đ,550.000 đ,15.0,https://down-vn.img.susercontent.com/file/vn-11134207-820l4-mikdrkbp4jd04b.webp,"Dòng sản phẩm Urea Repair Plus Lotion của Eucerin giúp làm sạch, cấp ẩm và nuôi dưỡng làn da toàn thân một cách toàn diện. Công thức nhẹ dịu, hương thơm thư giãn mang lại cảm giác dễ chịu, giúp da luôn mềm mại và mịn màng sau mỗi lần sử dụng."
Body Care,Eucerin,Ph5 Lotion,400ml,420.000 đ,520.000 đ,16.0,https://down-vn.img.susercontent.com/file/vn-11134207-7qukw-lk2lay80tuyq06.webp,"Dòng sản phẩm Ph5 Lotion của Eucerin giúp làm sạch, cấp ẩm và nuôi dưỡng làn da toàn thân một cách toàn diện. Công thức nhẹ dịu, hương thơm thư giãn mang lại cảm giác dễ chịu, giúp da luôn mềm mại và mịn màng sau mỗi lần sử dụng."
Body Care,Aveeno,Daily Moisturizing Lotion,354ml,420.000 đ,520.000 đ,14.0,https://down-vn.img.susercontent.com/file/vn-11134207-7ra0g-m9sbiornk0oee3.webp,"Dòng sản phẩm Daily Moisturizing Lotion của Aveeno giúp làm sạch, cấp ẩm và nuôi dưỡng làn da toàn thân một cách toàn diện. Công thức nhẹ dịu, hương thơm thư giãn mang lại cảm giác dễ chịu, giúp da luôn mềm mại và mịn màng sau mỗi lần sử dụng."
Body Care,Aveeno,Skin Relief Lotion,354ml,450.000 đ,550.000 đ,12.0,https://down-vn.img.susercontent.com/file/vn-11134201-7ra0g-m8q5nbp8965q9d.webp,"Dòng sản phẩm Skin Relief Lotion của Aveeno giúp làm sạch, cấp ẩm và nuôi dưỡng làn da toàn thân một cách toàn diện. Công thức nhẹ dịu, hương thơm thư giãn mang lại cảm giác dễ chịu, giúp da luôn mềm mại và mịn màng sau mỗi lần sử dụng."
Body Care,Senka,Perfect Bubble Body Wash,500ml,180.000 đ,240.000 đ,20.0,https://down-vn.img.susercontent.com/file/vn-11134207-7r98o-lpbsynzrc6ku77.webp,"Dòng sản phẩm Perfect Bubble Body Wash của Senka giúp làm sạch, cấp ẩm và nuôi dưỡng làn da toàn thân một cách toàn diện. Công thức nhẹ dịu, hương thơm thư giãn mang lại cảm giác dễ chịu, giúp da luôn mềm mại và mịn màng sau mỗi lần sử dụng."
Body Care,Nivea,Body Milk Nourishing,400ml,180.000 đ,240.000 đ,28.0,https://down-vn.img.susercontent.com/file/vn-11134207-820l4-mh4pah3hglxkb5.webp,"Dòng sản phẩm Body Milk Nourishing của Nivea giúp làm sạch, cấp ẩm và nuôi dưỡng làn da toàn thân một cách toàn diện. Công thức nhẹ dịu, hương thơm thư giãn mang lại cảm giác dễ chịu, giúp da luôn mềm mại và mịn màng sau mỗi lần sử dụng."
Body Care,Dove,Exfoliating Body Polish,220g,220.000 đ,280.000 đ,20.0,https://down-vn.img.susercontent.com/file/vn-11134207-81ztc-mmkn46kul1cf78.webp,"Dòng sản phẩm Exfoliating Body Polish của Dove giúp làm sạch, cấp ẩm và nuôi dưỡng làn da toàn thân một cách toàn diện. Công thức nhẹ dịu, hương thơm thư giãn mang lại cảm giác dễ chịu, giúp da luôn mềm mại và mịn màng sau mỗi lần sử dụng."
Body Care,Some By Mi,AHA BHA Body Cleanser,400g,320.000 đ,420.000 đ,15.0,https://down-vn.img.susercontent.com/file/sg-11134207-7ra10-m5bik074s3f2f4.webp,"Dòng sản phẩm AHA BHA Body Cleanser của Some By Mi giúp làm sạch, cấp ẩm và nuôi dưỡng làn da toàn thân một cách toàn diện. Công thức nhẹ dịu, hương thơm thư giãn mang lại cảm giác dễ chịu, giúp da luôn mềm mại và mịn màng sau mỗi lần sử dụng."
Body Care,Cocoon,Tẩy Da Chết Đường Thốt Nốt,200ml,180.000 đ,240.000 đ,20.0,https://down-vn.img.susercontent.com/file/vn-11134207-81ztc-mnhb5lpgu1oi4f.webp,"Dòng sản phẩm Tẩy Da Chết Đường Thốt Nốt của Cocoon giúp làm sạch, cấp ẩm và nuôi dưỡng làn da toàn thân một cách toàn diện. Công thức nhẹ dịu, hương thơm thư giãn mang lại cảm giác dễ chịu, giúp da luôn mềm mại và mịn màng sau mỗi lần sử dụng."
Body Care,The Body Shop,Body Yogurt,200ml,420.000 đ,520.000 đ,21.0,https://down-vn.img.susercontent.com/file/vn-11134207-820l4-mee0ja0sgvlub3.webp,"Dòng sản phẩm Body Yogurt của The Body Shop giúp làm sạch, cấp ẩm và nuôi dưỡng làn da toàn thân một cách toàn diện. Công thức nhẹ dịu, hương thơm thư giãn mang lại cảm giác dễ chịu, giúp da luôn mềm mại và mịn màng sau mỗi lần sử dụng."
Body Care,L'Occitane,Shea Hand Cream,150ml,620.000 đ,720.000 đ,10.0,https://down-vn.img.susercontent.com/file/vn-11134207-7r98o-lnb89ftwfmctb2.webp,"Dòng sản phẩm Shea Hand Cream của L'Occitane giúp làm sạch, cấp ẩm và nuôi dưỡng làn da toàn thân một cách toàn diện. Công thức nhẹ dịu, hương thơm thư giãn mang lại cảm giác dễ chịu, giúp da luôn mềm mại và mịn màng sau mỗi lần sử dụng."
Body Care,L'Occitane,Almond Shower Oil,250ml,850.000 đ,980.000 đ,8.0,https://down-vn.img.susercontent.com/file/vn-11134207-820l4-mjbic3sflqf74e.webp,"Dòng sản phẩm Almond Shower Oil của L'Occitane giúp làm sạch, cấp ẩm và nuôi dưỡng làn da toàn thân một cách toàn diện. Công thức nhẹ dịu, hương thơm thư giãn mang lại cảm giác dễ chịu, giúp da luôn mềm mại và mịn màng sau mỗi lần sử dụng."
Body Care,Soap & Glory,Body Butter Original Pink,300ml,420.000 đ,520.000 đ,12.0,https://down-vn.img.susercontent.com/file/vn-11134207-7ra0g-m7vwqn7g3jwn22.webp,"Dòng sản phẩm Body Butter Original Pink của Soap & Glory giúp làm sạch, cấp ẩm và nuôi dưỡng làn da toàn thân một cách toàn diện. Công thức nhẹ dịu, hương thơm thư giãn mang lại cảm giác dễ chịu, giúp da luôn mềm mại và mịn màng sau mỗi lần sử dụng."
Body Care,Soap & Glory,Hand Food Cream,125ml,220.000 đ,280.000 đ,18.0,https://down-vn.img.susercontent.com/file/vn-11134207-7ras8-m0lgtd5zt4a5ce.webp,"Dòng sản phẩm Hand Food Cream của Soap & Glory giúp làm sạch, cấp ẩm và nuôi dưỡng làn da toàn thân một cách toàn diện. Công thức nhẹ dịu, hương thơm thư giãn mang lại cảm giác dễ chịu, giúp da luôn mềm mại và mịn màng sau mỗi lần sử dụng."
Body Care,Dr.Teal's,Epsom Salt Lavender,1.36kg,320.000 đ,420.000 đ,15.0,https://down-vn.img.susercontent.com/file/vn-11134207-7ra0g-m9wi7robfvwkdf.webp,"Dòng sản phẩm Epsom Salt Lavender của Dr.Teal's giúp làm sạch, cấp ẩm và nuôi dưỡng làn da toàn thân một cách toàn diện. Công thức nhẹ dịu, hương thơm thư giãn mang lại cảm giác dễ chịu, giúp da luôn mềm mại và mịn màng sau mỗi lần sử dụng."
Body Care,Dr.Teal's,Foaming Bath Lavender,1000ml,350.000 đ,450.000 đ,12.0,https://down-vn.img.susercontent.com/file/vn-11134207-81ztc-mn2sraoq2o028f.webp,"Dòng sản phẩm Foaming Bath Lavender của Dr.Teal's giúp làm sạch, cấp ẩm và nuôi dưỡng làn da toàn thân một cách toàn diện. Công thức nhẹ dịu, hương thơm thư giãn mang lại cảm giác dễ chịu, giúp da luôn mềm mại và mịn màng sau mỗi lần sử dụng."
Body Care,Yves Rocher,Sữa Tắm Olive,400ml,220.000 đ,280.000 đ,18.0,https://down-vn.img.susercontent.com/file/vn-11134207-7ra0g-m9iof5tudcp3aa.webp,"Dòng sản phẩm Sữa Tắm Olive của Yves Rocher giúp làm sạch, cấp ẩm và nuôi dưỡng làn da toàn thân một cách toàn diện. Công thức nhẹ dịu, hương thơm thư giãn mang lại cảm giác dễ chịu, giúp da luôn mềm mại và mịn màng sau mỗi lần sử dụng."
Body Care,Yves Rocher,Sữa Tắm Coconut,400ml,220.000 đ,280.000 đ,16.0,https://down-vn.img.susercontent.com/file/vn-11134207-7ras8-md8hyiggjt7gfa.webp,"Dòng sản phẩm Sữa Tắm Coconut của Yves Rocher giúp làm sạch, cấp ẩm và nuôi dưỡng làn da toàn thân một cách toàn diện. Công thức nhẹ dịu, hương thơm thư giãn mang lại cảm giác dễ chịu, giúp da luôn mềm mại và mịn màng sau mỗi lần sử dụng."
Body Care,Johnson's,Baby Oil,300ml,120.000 đ,180.000 đ,28.0,https://down-vn.img.susercontent.com/file/vn-11134207-7ra0g-m7g21x9doz1y26.webp,"Dòng sản phẩm Baby Oil của Johnson's giúp làm sạch, cấp ẩm và nuôi dưỡng làn da toàn thân một cách toàn diện. Công thức nhẹ dịu, hương thơm thư giãn mang lại cảm giác dễ chịu, giúp da luôn mềm mại và mịn màng sau mỗi lần sử dụng."
Body Care,Johnson's,Baby Lotion,500ml,150.000 đ,220.000 đ,25.0,https://down-vn.img.susercontent.com/file/sg-11134201-7rdwh-mdenutj74dp13f.webp,"Dòng sản phẩm Baby Lotion của Johnson's giúp làm sạch, cấp ẩm và nuôi dưỡng làn da toàn thân một cách toàn diện. Công thức nhẹ dịu, hương thơm thư giãn mang lại cảm giác dễ chịu, giúp da luôn mềm mại và mịn màng sau mỗi lần sử dụng."
Body Care,Biore,UV Body Care Serum,150ml,220.000 đ,280.000 đ,20.0,https://down-vn.img.susercontent.com/file/vn-11134201-7ra0g-madw7ygi0tzrd1.webp,"Dòng sản phẩm UV Body Care Serum của Biore giúp làm sạch, cấp ẩm và nuôi dưỡng làn da toàn thân một cách toàn diện. Công thức nhẹ dịu, hương thơm thư giãn mang lại cảm giác dễ chịu, giúp da luôn mềm mại và mịn màng sau mỗi lần sử dụng."
Body Care,Anessa,Perfect UV Body Gel,90g,520.000 đ,620.000 đ,10.0,https://down-vn.img.susercontent.com/file/a64a36b9131bc38baad1534a37bd14a5.webp,"Dòng sản phẩm Perfect UV Body Gel của Anessa giúp làm sạch, cấp ẩm và nuôi dưỡng làn da toàn thân một cách toàn diện. Công thức nhẹ dịu, hương thơm thư giãn mang lại cảm giác dễ chịu, giúp da luôn mềm mại và mịn màng sau mỗi lần sử dụng."
Body Care,Nivea,Sun Protect Body SPF50,125ml,220.000 đ,280.000 đ,18.0,https://down-vn.img.susercontent.com/file/sg-11134201-22110-fxibee4zvmjvc0.webp,"Dòng sản phẩm Sun Protect Body SPF50 của Nivea giúp làm sạch, cấp ẩm và nuôi dưỡng làn da toàn thân một cách toàn diện. Công thức nhẹ dịu, hương thơm thư giãn mang lại cảm giác dễ chịu, giúp da luôn mềm mại và mịn màng sau mỗi lần sử dụng."
Body Care,Vaseline,Gluta Hya Serum Burst Lotion,330ml,220.000 đ,280.000 đ,8.0,https://down-vn.img.susercontent.com/file/vn-11134207-81ztc-mm70o717olxk6f.webp,"Dòng sản phẩm Gluta Hya Serum Burst Lotion của Vaseline giúp làm sạch, cấp ẩm và nuôi dưỡng làn da toàn thân một cách toàn diện. Công thức nhẹ dịu, hương thơm thư giãn mang lại cảm giác dễ chịu, giúp da luôn mềm mại và mịn màng sau mỗi lần sử dụng."
Body Care,Dove,Body Love Lotion,400ml,220.000 đ,220.000 đ,10.0,https://down-vn.img.susercontent.com/file/vn-11134207-7ras8-mdmt8zqojr5ba3.webp,"Dòng sản phẩm Body Love Lotion của Dove giúp làm sạch, cấp ẩm và nuôi dưỡng làn da toàn thân một cách toàn diện. Công thức nhẹ dịu, hương thơm thư giãn mang lại cảm giác dễ chịu, giúp da luôn mềm mại và mịn màng sau mỗi lần sử dụng."
Body Care,Medimix,Xà Phòng Thảo Dược,125g,50.000 đ,80.000 đ,45.0,https://down-vn.img.susercontent.com/file/vn-11134207-7r98o-lteyfhqtfv6h27.webp,"Dòng sản phẩm Xà Phòng Thảo Dược của Medimix giúp làm sạch, cấp ẩm và nuôi dưỡng làn da toàn thân một cách toàn diện. Công thức nhẹ dịu, hương thơm thư giãn mang lại cảm giác dễ chịu, giúp da luôn mềm mại và mịn màng sau mỗi lần sử dụng."
Body Care,Dettol,Xà Phòng Original,100g,40.000 đ,70.000 đ,50.0,https://down-vn.img.susercontent.com/file/vn-11134207-7r98o-lq9yiuqz8dea0f.webp,"Dòng sản phẩm Xà Phòng Original của Dettol giúp làm sạch, cấp ẩm và nuôi dưỡng làn da toàn thân một cách toàn diện. Công thức nhẹ dịu, hương thơm thư giãn mang lại cảm giác dễ chịu, giúp da luôn mềm mại và mịn màng sau mỗi lần sử dụng."
Body Care,Lux,Sữa Tắm Magical Spell,850g,180.000 đ,240.000 đ,30.0,https://down-vn.img.susercontent.com/file/sg-11134253-824iz-mflj3ntskjkb35.webp,"Dòng sản phẩm Sữa Tắm Magical Spell của Lux giúp làm sạch, cấp ẩm và nuôi dưỡng làn da toàn thân một cách toàn diện. Công thức nhẹ dịu, hương thơm thư giãn mang lại cảm giác dễ chịu, giúp da luôn mềm mại và mịn màng sau mỗi lần sử dụng."
Body Care,Lux,Sữa Tắm Soft Touch,850g,180.000 đ,240.000 đ,28.0,https://down-vn.img.susercontent.com/file/vn-11134207-7r98o-lt8xtkc109ehea.webp,"Dòng sản phẩm Sữa Tắm Soft Touch của Lux giúp làm sạch, cấp ẩm và nuôi dưỡng làn da toàn thân một cách toàn diện. Công thức nhẹ dịu, hương thơm thư giãn mang lại cảm giác dễ chịu, giúp da luôn mềm mại và mịn màng sau mỗi lần sử dụng."
Body Care,The Body Shop,Foot Cream Peppermint,100ml,320.000 đ,420.000 đ,12.0,https://down-vn.img.susercontent.com/file/vn-11134207-7qukw-ljv3l8k1kt8i90.webp,"Dòng sản phẩm Foot Cream Peppermint của The Body Shop giúp làm sạch, cấp ẩm và nuôi dưỡng làn da toàn thân một cách toàn diện. Công thức nhẹ dịu, hương thơm thư giãn mang lại cảm giác dễ chịu, giúp da luôn mềm mại và mịn màng sau mỗi lần sử dụng."
Body Care,Scholl,Kem Dưỡng Gót Chân,60ml,220.000 đ,280.000 đ,16.0,https://down-vn.img.susercontent.com/file/vn-11134207-81ztc-mo3qfaswlwjk3f.webp,"Dòng sản phẩm Kem Dưỡng Gót Chân của Scholl giúp làm sạch, cấp ẩm và nuôi dưỡng làn da toàn thân một cách toàn diện. Công thức nhẹ dịu, hương thơm thư giãn mang lại cảm giác dễ chịu, giúp da luôn mềm mại và mịn màng sau mỗi lần sử dụng."
Body Care,Dove,Antiperspirant Spray Original,150ml,150.000 đ,220.000 đ,22.0,https://down-vn.img.susercontent.com/file/vn-11134207-7ras8-m1wg8ppc89fje7.webp,"Dòng sản phẩm Antiperspirant Spray Original của Dove giúp làm sạch, cấp ẩm và nuôi dưỡng làn da toàn thân một cách toàn diện. Công thức nhẹ dịu, hương thơm thư giãn mang lại cảm giác dễ chịu, giúp da luôn mềm mại và mịn màng sau mỗi lần sử dụng."
Body Care,Nivea,Deodorant Spray Fresh Natural,150ml,150.000 đ,220.000 đ,20.0,https://down-vn.img.susercontent.com/file/vn-11134207-7ra0g-m77x4d6t8mhk42.webp,"Dòng sản phẩm Deodorant Spray Fresh Natural của Nivea giúp làm sạch, cấp ẩm và nuôi dưỡng làn da toàn thân một cách toàn diện. Công thức nhẹ dịu, hương thơm thư giãn mang lại cảm giác dễ chịu, giúp da luôn mềm mại và mịn màng sau mỗi lần sử dụng."
Body Care,Rexona,Men Motion Sense,150ml,150.000 đ,220.000 đ,20.0,https://down-vn.img.susercontent.com/file/vn-11134207-7r98o-ls3mq2v20d5le4.webp,"Dòng sản phẩm Men Motion Sense của Rexona giúp làm sạch, cấp ẩm và nuôi dưỡng làn da toàn thân một cách toàn diện. Công thức nhẹ dịu, hương thơm thư giãn mang lại cảm giác dễ chịu, giúp da luôn mềm mại và mịn màng sau mỗi lần sử dụng."
Body Care,Old Spice,Deodorant Spray Wolfthorn,150ml,180.000 đ,240.000 đ,16.0,https://down-vn.img.susercontent.com/file/vn-11134207-7ras8-mc90xtjh4blo52.webp,"Dòng sản phẩm Deodorant Spray Wolfthorn của Old Spice giúp làm sạch, cấp ẩm và nuôi dưỡng làn da toàn thân một cách toàn diện. Công thức nhẹ dịu, hương thơm thư giãn mang lại cảm giác dễ chịu, giúp da luôn mềm mại và mịn màng sau mỗi lần sử dụng."
Body Care,Head & Shoulders,Dầu Gội Cool Menthol,650ml,220.000 đ,280.000 đ,20.0,https://down-vn.img.susercontent.com/file/sg-11134253-825bd-mfssh2r4rtvu3d.webp,"Dòng sản phẩm Dầu Gội Cool Menthol của Head & Shoulders giúp làm sạch, cấp ẩm và nuôi dưỡng làn da toàn thân một cách toàn diện. Công thức nhẹ dịu, hương thơm thư giãn mang lại cảm giác dễ chịu, giúp da luôn mềm mại và mịn màng sau mỗi lần sử dụng."
Body Care,Pantene,Dầu Gội Smooth Silky,650ml,220.000 đ,280.000 đ,18.0,https://down-vn.img.susercontent.com/file/vn-11134207-7ra0g-m8w46mmfnc07b7.webp,"Dòng sản phẩm Dầu Gội Smooth Silky của Pantene giúp làm sạch, cấp ẩm và nuôi dưỡng làn da toàn thân một cách toàn diện. Công thức nhẹ dịu, hương thơm thư giãn mang lại cảm giác dễ chịu, giúp da luôn mềm mại và mịn màng sau mỗi lần sử dụng."
Body Care,Tsubaki,Premium Moist Shampoo,490ml,320.000 đ,420.000 đ,14.0,https://down-vn.img.susercontent.com/file/vn-11134207-81ztc-mmllh6h4gt8j5f.webp,"Dòng sản phẩm Premium Moist Shampoo của Tsubaki giúp làm sạch, cấp ẩm và nuôi dưỡng làn da toàn thân một cách toàn diện. Công thức nhẹ dịu, hương thơm thư giãn mang lại cảm giác dễ chịu, giúp da luôn mềm mại và mịn màng sau mỗi lần sử dụng."
Body Care,Tsubaki,Premium Repair Conditioner,490ml,320.000 đ,420.000 đ,12.0,https://down-vn.img.susercontent.com/file/vn-11134207-81ztc-mld9g19qtaf962.webp,"Dòng sản phẩm Premium Repair Conditioner của Tsubaki giúp làm sạch, cấp ẩm và nuôi dưỡng làn da toàn thân một cách toàn diện. Công thức nhẹ dịu, hương thơm thư giãn mang lại cảm giác dễ chịu, giúp da luôn mềm mại và mịn màng sau mỗi lần sử dụng."
Body Care,Fino,Premium Touch Hair Mask,230g,280.000 đ,350.000 đ,18.0,https://down-vn.img.susercontent.com/file/vn-11134207-820l4-mfp3y2rwb7rca9.webp,"Dòng sản phẩm Premium Touch Hair Mask của Fino giúp làm sạch, cấp ẩm và nuôi dưỡng làn da toàn thân một cách toàn diện. Công thức nhẹ dịu, hương thơm thư giãn mang lại cảm giác dễ chịu, giúp da luôn mềm mại và mịn màng sau mỗi lần sử dụng."
Body Care,Mise En Scene,Perfect Serum Original,80ml,220.000 đ,280.000 đ,22.0,https://down-vn.img.susercontent.com/file/vn-11134207-820l4-mgq1sz89728844.webp,"Dòng sản phẩm Perfect Serum Original của Mise En Scene giúp làm sạch, cấp ẩm và nuôi dưỡng làn da toàn thân một cách toàn diện. Công thức nhẹ dịu, hương thơm thư giãn mang lại cảm giác dễ chịu, giúp da luôn mềm mại và mịn màng sau mỗi lần sử dụng."
Body Care,Lucido-L,Argan Rich Oil,60ml,220.000 đ,280.000 đ,18.0,https://down-vn.img.susercontent.com/file/vn-11134207-81ztc-mlz6rmxep894aa.webp,"Dòng sản phẩm Argan Rich Oil của Lucido-L giúp làm sạch, cấp ẩm và nuôi dưỡng làn da toàn thân một cách toàn diện. Công thức nhẹ dịu, hương thơm thư giãn mang lại cảm giác dễ chịu, giúp da luôn mềm mại và mịn màng sau mỗi lần sử dụng."
Body Care,TSUBUPRON,Hair Treatment Mask,180g,250.000 đ,320.000 đ,12.0,https://down-vn.img.susercontent.com/file/sg-11134201-23020-org6qz3ui0mv5b.webp,"Dòng sản phẩm Hair Treatment Mask của TSUBUPRON giúp làm sạch, cấp ẩm và nuôi dưỡng làn da toàn thân một cách toàn diện. Công thức nhẹ dịu, hương thơm thư giãn mang lại cảm giác dễ chịu, giúp da luôn mềm mại và mịn màng sau mỗi lần sử dụng."
Body Care,Ouai,Hair Oil,45ml,850.000 đ,980.000 đ,8.0,https://down-vn.img.susercontent.com/file/sg-11134253-824j2-mflldxeienf0b8.webp,"Dòng sản phẩm Hair Oil của Ouai giúp làm sạch, cấp ẩm và nuôi dưỡng làn da toàn thân một cách toàn diện. Công thức nhẹ dịu, hương thơm thư giãn mang lại cảm giác dễ chịu, giúp da luôn mềm mại và mịn màng sau mỗi lần sử dụng."
Body Care,Moroccanoil,Treatment Original,100ml,1.200.000 đ,1.400.000 đ,6.0,https://down-vn.img.susercontent.com/file/vn-11134207-7ras8-mcn81b6i5hss92.webp,"Dòng sản phẩm Treatment Original của Moroccanoil giúp làm sạch, cấp ẩm và nuôi dưỡng làn da toàn thân một cách toàn diện. Công thức nhẹ dịu, hương thơm thư giãn mang lại cảm giác dễ chịu, giúp da luôn mềm mại và mịn màng sau mỗi lần sử dụng."
Body Care,Kerastase,Elixir Ultime Hair Oil,100ml,1.450.000 đ,1.650.000 đ,5.0,https://down-vn.img.susercontent.com/file/vn-11134201-7ras8-maqekhxgrq2p72.webp,"Dòng sản phẩm Elixir Ultime Hair Oil của Kerastase giúp làm sạch, cấp ẩm và nuôi dưỡng làn da toàn thân một cách toàn diện. Công thức nhẹ dịu, hương thơm thư giãn mang lại cảm giác dễ chịu, giúp da luôn mềm mại và mịn màng sau mỗi lần sử dụng."
Body Care,Loreal Elseve,Hyaluron Moisture Shampoo,650ml,220.000 đ,280.000 đ,20.0,https://down-vn.img.susercontent.com/file/sg-11134201-824hc-mf3fja8j3mkv29.webp,"Dòng sản phẩm Hyaluron Moisture Shampoo của Loreal Elseve giúp làm sạch, cấp ẩm và nuôi dưỡng làn da toàn thân một cách toàn diện. Công thức nhẹ dịu, hương thơm thư giãn mang lại cảm giác dễ chịu, giúp da luôn mềm mại và mịn màng sau mỗi lần sử dụng."
Body Care,Loreal Elseve,Hyaluron Conditioner,650ml,220.000 đ,280.000 đ,18.0,https://down-vn.img.susercontent.com/file/vn-11134207-820l4-mifrpjbamu4jc9.webp,"Dòng sản phẩm Hyaluron Conditioner của Loreal Elseve giúp làm sạch, cấp ẩm và nuôi dưỡng làn da toàn thân một cách toàn diện. Công thức nhẹ dịu, hương thơm thư giãn mang lại cảm giác dễ chịu, giúp da luôn mềm mại và mịn màng sau mỗi lần sử dụng."
Body Care,Tresemme,Keratin Smooth Shampoo,620ml,180.000 đ,240.000 đ,22.0,https://down-vn.img.susercontent.com/file/vn-11134207-81ztc-mk8bmtrnxlvoa2.webp,"Dòng sản phẩm Keratin Smooth Shampoo của Tresemme giúp làm sạch, cấp ẩm và nuôi dưỡng làn da toàn thân một cách toàn diện. Công thức nhẹ dịu, hương thơm thư giãn mang lại cảm giác dễ chịu, giúp da luôn mềm mại và mịn màng sau mỗi lần sử dụng."
Body Care,Tresemme,Keratin Smooth Conditioner,620ml,180.000 đ,240.000 đ,20.0,https://down-vn.img.susercontent.com/file/vn-11134207-7ras8-mbrtuapufi4u17.webp,"Dòng sản phẩm Keratin Smooth Conditioner của Tresemme giúp làm sạch, cấp ẩm và nuôi dưỡng làn da toàn thân một cách toàn diện. Công thức nhẹ dịu, hương thơm thư giãn mang lại cảm giác dễ chịu, giúp da luôn mềm mại và mịn màng sau mỗi lần sử dụng."
Body Care,Cocoon,Tinh Dầu Bưởi,140ml,220.000 đ,280.000 đ,24.0,https://down-vn.img.susercontent.com/file/vn-11134207-7ras8-m20tgkw8o7haf8.webp,"Dòng sản phẩm Tinh Dầu Bưởi của Cocoon giúp làm sạch, cấp ẩm và nuôi dưỡng làn da toàn thân một cách toàn diện. Công thức nhẹ dịu, hương thơm thư giãn mang lại cảm giác dễ chịu, giúp da luôn mềm mại và mịn màng sau mỗi lần sử dụng."
Body Care,The Body Shop,Ginger Shampoo,400ml,420.000 đ,520.000 đ,12.0,https://down-vn.img.susercontent.com/file/vn-11134207-7r98o-lwcezd8puc4b59.webp,"Dòng sản phẩm Ginger Shampoo của The Body Shop giúp làm sạch, cấp ẩm và nuôi dưỡng làn da toàn thân một cách toàn diện. Công thức nhẹ dịu, hương thơm thư giãn mang lại cảm giác dễ chịu, giúp da luôn mềm mại và mịn màng sau mỗi lần sử dụng."
Body Care,The Body Shop,Banana Conditioner,400ml,420.000 đ,520.000 đ,10.0,https://down-vn.img.susercontent.com/file/vn-11134207-7r98o-lxb1a41qzhspb6.webp,"Dòng sản phẩm Banana Conditioner của The Body Shop giúp làm sạch, cấp ẩm và nuôi dưỡng làn da toàn thân một cách toàn diện. Công thức nhẹ dịu, hương thơm thư giãn mang lại cảm giác dễ chịu, giúp da luôn mềm mại và mịn màng sau mỗi lần sử dụng."
Body Care,Dove,Hair Therapy Serum,50ml,180.000 đ,240.000 đ,20.0,https://down-vn.img.susercontent.com/file/vn-11134207-81ztc-mmlvuygwe39e4b.webp,"Dòng sản phẩm Hair Therapy Serum của Dove giúp làm sạch, cấp ẩm và nuôi dưỡng làn da toàn thân một cách toàn diện. Công thức nhẹ dịu, hương thơm thư giãn mang lại cảm giác dễ chịu, giúp da luôn mềm mại và mịn màng sau mỗi lần sử dụng."
Body Care,Sunsilk,Soft Smooth Shampoo,650ml,150.000 đ,220.000 đ,28.0,https://down-vn.img.susercontent.com/file/vn-11134207-7qukw-lk5feepwu6yc4c.webp,"Dòng sản phẩm Soft Smooth Shampoo của Sunsilk giúp làm sạch, cấp ẩm và nuôi dưỡng làn da toàn thân một cách toàn diện. Công thức nhẹ dịu, hương thơm thư giãn mang lại cảm giác dễ chịu, giúp da luôn mềm mại và mịn màng sau mỗi lần sử dụng."
Body Care,Clear,Men Cool Sport Menthol,650ml,180.000 đ,240.000 đ,24.0,https://down-vn.img.susercontent.com/file/vn-11134207-7ras8-m4ssbjlhut0782.webp,"Dòng sản phẩm Men Cool Sport Menthol của Clear giúp làm sạch, cấp ẩm và nuôi dưỡng làn da toàn thân một cách toàn diện. Công thức nhẹ dịu, hương thơm thư giãn mang lại cảm giác dễ chịu, giúp da luôn mềm mại và mịn màng sau mỗi lần sử dụng."
Body Care,X-Men,Body Spray For Boss,150ml,150.000 đ,220.000 đ,18.0,https://down-vn.img.susercontent.com/file/vn-11134207-7ras8-mbp1e0rzr0r2b4.webp,"Dòng sản phẩm Body Spray For Boss của X-Men giúp làm sạch, cấp ẩm và nuôi dưỡng làn da toàn thân một cách toàn diện. Công thức nhẹ dịu, hương thơm thư giãn mang lại cảm giác dễ chịu, giúp da luôn mềm mại và mịn màng sau mỗi lần sử dụng."
Body Care,Enchanteur,Body Mist,250ml,180.000 đ,240.000 đ,24.0,https://down-vn.img.susercontent.com/file/vn-11134207-7r98o-lrvuzh7855tw5e.webp,"Dòng sản phẩm Body Mist của Enchanteur giúp làm sạch, cấp ẩm và nuôi dưỡng làn da toàn thân một cách toàn diện. Công thức nhẹ dịu, hương thơm thư giãn mang lại cảm giác dễ chịu, giúp da luôn mềm mại và mịn màng sau mỗi lần sử dụng."
Body Care,Enchanteur,Lotion Charming,250ml,180.000 đ,240.000 đ,18.0,https://down-vn.img.susercontent.com/file/vn-11134207-7r98o-lu2j40f2e90fe6.webp,"Dòng sản phẩm Lotion Charming của Enchanteur giúp làm sạch, cấp ẩm và nuôi dưỡng làn da toàn thân một cách toàn diện. Công thức nhẹ dịu, hương thơm thư giãn mang lại cảm giác dễ chịu, giúp da luôn mềm mại và mịn màng sau mỗi lần sử dụng."
Body Care,Bath & Body Works,Shower Gel,295ml,420.000 đ,520.000 đ,20.0,https://down-vn.img.susercontent.com/file/vn-11134207-81ztc-mmhaofrzdqtf5d.webp,"Dòng sản phẩm Shower Gel của Bath & Body Works giúp làm sạch, cấp ẩm và nuôi dưỡng làn da toàn thân một cách toàn diện. Công thức nhẹ dịu, hương thơm thư giãn mang lại cảm giác dễ chịu, giúp da luôn mềm mại và mịn màng sau mỗi lần sử dụng."
Body Care,Victoria's Secret,Body Lotion,236ml,420.000 đ,520.000 đ,25.0,https://down-vn.img.susercontent.com/file/vn-11134207-81ztc-mo4y3hw5yh39d7.webp,"Dòng sản phẩm Body Lotion của Victoria's Secret giúp làm sạch, cấp ẩm và nuôi dưỡng làn da toàn thân một cách toàn diện. Công thức nhẹ dịu, hương thơm thư giãn mang lại cảm giác dễ chịu, giúp da luôn mềm mại và mịn màng sau mỗi lần sử dụng."
Body Care,The Body Shop,Body Scrub,240ml,420.000 đ,420.000 đ,27.0,https://down-vn.img.susercontent.com/file/vn-11134207-81ztc-mnsj809qus5k50.webp,"Dòng sản phẩm Body Scrub của The Body Shop giúp làm sạch, cấp ẩm và nuôi dưỡng làn da toàn thân một cách toàn diện. Công thức nhẹ dịu, hương thơm thư giãn mang lại cảm giác dễ chịu, giúp da luôn mềm mại và mịn màng sau mỗi lần sử dụng."
Body Care,L'Occitane,Cherry Blossom Hand Cream,75ml,420.000 đ,520.000 đ,8.0,https://down-vn.img.susercontent.com/file/vn-11134207-820l4-mhasa7xe8mx475.webp,"Dòng sản phẩm Cherry Blossom Hand Cream của L'Occitane giúp làm sạch, cấp ẩm và nuôi dưỡng làn da toàn thân một cách toàn diện. Công thức nhẹ dịu, hương thơm thư giãn mang lại cảm giác dễ chịu, giúp da luôn mềm mại và mịn màng sau mỗi lần sử dụng."
Body Care,Soap & Glory,Flake Away Body Scrub,300ml,420.000 đ,520.000 đ,8.0,https://down-vn.img.susercontent.com/file/vn-11134207-7ra0g-m9bowmz9j1jb01.webp,"Dòng sản phẩm Flake Away Body Scrub của Soap & Glory giúp làm sạch, cấp ẩm và nuôi dưỡng làn da toàn thân một cách toàn diện. Công thức nhẹ dịu, hương thơm thư giãn mang lại cảm giác dễ chịu, giúp da luôn mềm mại và mịn màng sau mỗi lần sử dụng."
Body Care,The Body Shop,Body Butter British Rose,200ml,520.000 đ,620.000 đ,10.0,https://down-vn.img.susercontent.com/file/vn-11134207-7r98o-lug8qwi2t3bmd3.webp,"Dòng sản phẩm Body Butter British Rose của The Body Shop giúp làm sạch, cấp ẩm và nuôi dưỡng làn da toàn thân một cách toàn diện. Công thức nhẹ dịu, hương thơm thư giãn mang lại cảm giác dễ chịu, giúp da luôn mềm mại và mịn màng sau mỗi lần sử dụng."
Perfume,Dior,Sauvage EDT,60ml,2.200.000 đ,2.500.000 đ,12.0,https://down-vn.img.susercontent.com/file/vn-11134207-81ztc-mn96z9bbnhmwbe.webp,"Sauvage EDT mang thương hiệu Dior sở hữu những nốt hương độc đáo, tinh tế và đầy sức hút. Sản phẩm có độ lưu hương bền bỉ, giúp bạn luôn tự tin, quyến rũ và để lại ấn tượng khó phai trong mọi hoàn cảnh."
Perfume,Dior,Sauvage EDP,100ml,3.200.000 đ,3.500.000 đ,10.0,https://down-vn.img.susercontent.com/file/vn-11134207-81ztc-mlysbza6rz0v34.webp,"Sauvage EDP mang thương hiệu Dior sở hữu những nốt hương độc đáo, tinh tế và đầy sức hút. Sản phẩm có độ lưu hương bền bỉ, giúp bạn luôn tự tin, quyến rũ và để lại ấn tượng khó phai trong mọi hoàn cảnh."
Perfume,Dior,Miss Dior Blooming Bouquet,50ml,2.800.000 đ,3.100.000 đ,8.0,https://down-vn.img.susercontent.com/file/vn-11134207-7ra0g-m7f59oh6ykxi62.webp,"Miss Dior Blooming Bouquet mang thương hiệu Dior sở hữu những nốt hương độc đáo, tinh tế và đầy sức hút. Sản phẩm có độ lưu hương bền bỉ, giúp bạn luôn tự tin, quyến rũ và để lại ấn tượng khó phai trong mọi hoàn cảnh."
Perfume,Dior,J'adore EDP,100ml,3.500.000 đ,3.900.000 đ,6.0,https://down-vn.img.susercontent.com/file/vn-11134207-820l4-mhucmylakljaa1.webp,"J'adore EDP mang thương hiệu Dior sở hữu những nốt hương độc đáo, tinh tế và đầy sức hút. Sản phẩm có độ lưu hương bền bỉ, giúp bạn luôn tự tin, quyến rũ và để lại ấn tượng khó phai trong mọi hoàn cảnh."
Perfume,Chanel,Bleu De Chanel EDP,100ml,3.800.000 đ,4.200.000 đ,8.0,https://down-vn.img.susercontent.com/file/vn-11134207-7r98o-m0b1e632jlvzf7@resize_w900_nl.webp,"Bleu De Chanel EDP mang thương hiệu Chanel sở hữu những nốt hương độc đáo, tinh tế và đầy sức hút. Sản phẩm có độ lưu hương bền bỉ, giúp bạn luôn tự tin, quyến rũ và để lại ấn tượng khó phai trong mọi hoàn cảnh."
Perfume,Chanel,Chance Eau Tendre,100ml,3.600.000 đ,4.000.000 đ,6.0,https://down-vn.img.susercontent.com/file/vn-11134207-7r98o-lvh7iu4w457od7.webp,"Chance Eau Tendre mang thương hiệu Chanel sở hữu những nốt hương độc đáo, tinh tế và đầy sức hút. Sản phẩm có độ lưu hương bền bỉ, giúp bạn luôn tự tin, quyến rũ và để lại ấn tượng khó phai trong mọi hoàn cảnh."
Perfume,Chanel,Coco Mademoiselle EDP,100ml,3.900.000 đ,4.300.000 đ,5.0,https://down-vn.img.susercontent.com/file/vn-11134207-820l4-mfi0f698pe6l6c.webp,"Coco Mademoiselle EDP mang thương hiệu Chanel sở hữu những nốt hương độc đáo, tinh tế và đầy sức hút. Sản phẩm có độ lưu hương bền bỉ, giúp bạn luôn tự tin, quyến rũ và để lại ấn tượng khó phai trong mọi hoàn cảnh."
Perfume,YSL,Y EDP,100ml,3.200.000 đ,3.500.000 đ,8.0,https://down-vn.img.susercontent.com/file/vn-11134201-23030-xksykg20brove8.webp,"Y EDP mang thương hiệu YSL sở hữu những nốt hương độc đáo, tinh tế và đầy sức hút. Sản phẩm có độ lưu hương bền bỉ, giúp bạn luôn tự tin, quyến rũ và để lại ấn tượng khó phai trong mọi hoàn cảnh."
Perfume,YSL,Libre EDP,90ml,3.500.000 đ,3.900.000 đ,6.0,https://down-vn.img.susercontent.com/file/vn-11134207-7ras8-maz520d0xygx50.webp,"Libre EDP mang thương hiệu YSL sở hữu những nốt hương độc đáo, tinh tế và đầy sức hút. Sản phẩm có độ lưu hương bền bỉ, giúp bạn luôn tự tin, quyến rũ và để lại ấn tượng khó phai trong mọi hoàn cảnh."
Perfume,YSL,Black Opium EDP,90ml,3.500.000 đ,3.900.000 đ,5.0,https://down-vn.img.susercontent.com/file/vn-11134207-820l4-mjwupb65pfk0fa.webp,"Black Opium EDP mang thương hiệu YSL sở hữu những nốt hương độc đáo, tinh tế và đầy sức hút. Sản phẩm có độ lưu hương bền bỉ, giúp bạn luôn tự tin, quyến rũ và để lại ấn tượng khó phai trong mọi hoàn cảnh."
Perfume,Gucci,Guilty Pour Homme,90ml,2.800.000 đ,3.200.000 đ,8.0,https://down-vn.img.susercontent.com/file/vn-11134207-7ra0g-m6mkp7jfhw87d6.webp,"Guilty Pour Homme mang thương hiệu Gucci sở hữu những nốt hương độc đáo, tinh tế và đầy sức hút. Sản phẩm có độ lưu hương bền bỉ, giúp bạn luôn tự tin, quyến rũ và để lại ấn tượng khó phai trong mọi hoàn cảnh."
Perfume,Gucci,Bloom EDP,100ml,3.200.000 đ,3.600.000 đ,6.0,https://down-vn.img.susercontent.com/file/vn-11134207-81ztc-mlzw4bxnxceg78.webp,"Bloom EDP mang thương hiệu Gucci sở hữu những nốt hương độc đáo, tinh tế và đầy sức hút. Sản phẩm có độ lưu hương bền bỉ, giúp bạn luôn tự tin, quyến rũ và để lại ấn tượng khó phai trong mọi hoàn cảnh."
Perfume,Armani,Acqua Di Gio Profondo,75ml,2.900.000 đ,3.300.000 đ,8.0,https://down-vn.img.susercontent.com/file/vn-11134207-820l4-milpvps8j9qg9f.webp,"Acqua Di Gio Profondo mang thương hiệu Armani sở hữu những nốt hương độc đáo, tinh tế và đầy sức hút. Sản phẩm có độ lưu hương bền bỉ, giúp bạn luôn tự tin, quyến rũ và để lại ấn tượng khó phai trong mọi hoàn cảnh."
Perfume,Armani,Si Passione EDP,100ml,3.500.000 đ,3.900.000 đ,5.0,https://down-vn.img.susercontent.com/file/vn-11134207-81ztc-mlhkxp52uiof87.webp,"Si Passione EDP mang thương hiệu Armani sở hữu những nốt hương độc đáo, tinh tế và đầy sức hút. Sản phẩm có độ lưu hương bền bỉ, giúp bạn luôn tự tin, quyến rũ và để lại ấn tượng khó phai trong mọi hoàn cảnh."
Perfume,Armani,My Way EDP,90ml,3.600.000 đ,4.000.000 đ,5.0,https://down-vn.img.susercontent.com/file/vn-11134207-81ztc-mlhkz9io035s87.webp,"My Way EDP mang thương hiệu Armani sở hữu những nốt hương độc đáo, tinh tế và đầy sức hút. Sản phẩm có độ lưu hương bền bỉ, giúp bạn luôn tự tin, quyến rũ và để lại ấn tượng khó phai trong mọi hoàn cảnh."
Perfume,Prada,Luna Rossa Carbon,100ml,2.800.000 đ,3.200.000 đ,6.0,https://down-vn.img.susercontent.com/file/vn-11134207-81ztc-mlcb7lrqmxag9a.webp,"Luna Rossa Carbon mang thương hiệu Prada sở hữu những nốt hương độc đáo, tinh tế và đầy sức hút. Sản phẩm có độ lưu hương bền bỉ, giúp bạn luôn tự tin, quyến rũ và để lại ấn tượng khó phai trong mọi hoàn cảnh."
Perfume,Prada,Paradoxe EDP,90ml,3.500.000 đ,3.900.000 đ,5.0,https://down-vn.img.susercontent.com/file/vn-11134207-81ztc-mo6ogcta7ls8d9.webp,"Paradoxe EDP mang thương hiệu Prada sở hữu những nốt hương độc đáo, tinh tế và đầy sức hút. Sản phẩm có độ lưu hương bền bỉ, giúp bạn luôn tự tin, quyến rũ và để lại ấn tượng khó phai trong mọi hoàn cảnh."
Perfume,Versace,Eros EDT,100ml,2.500.000 đ,2.900.000 đ,10.0,https://down-vn.img.susercontent.com/file/vn-11134207-81ztc-mlfujd14tw5hef.webp,"Eros EDT mang thương hiệu Versace sở hữu những nốt hương độc đáo, tinh tế và đầy sức hút. Sản phẩm có độ lưu hương bền bỉ, giúp bạn luôn tự tin, quyến rũ và để lại ấn tượng khó phai trong mọi hoàn cảnh."
Perfume,Versace,Dylan Blue,100ml,2.500.000 đ,2.900.000 đ,8.0,https://down-vn.img.susercontent.com/file/vn-11134207-7r98o-lzr4u4s837vl2d.webp,"Dylan Blue mang thương hiệu Versace sở hữu những nốt hương độc đáo, tinh tế và đầy sức hút. Sản phẩm có độ lưu hương bền bỉ, giúp bạn luôn tự tin, quyến rũ và để lại ấn tượng khó phai trong mọi hoàn cảnh."
Perfume,Versace,Bright Crystal,90ml,2.800.000 đ,3.200.000 đ,8.0,https://down-vn.img.susercontent.com/file/vn-11134207-7r98o-m0b1e632jlvzf7.webp,"Bright Crystal mang thương hiệu Versace sở hữu những nốt hương độc đáo, tinh tế và đầy sức hút. Sản phẩm có độ lưu hương bền bỉ, giúp bạn luôn tự tin, quyến rũ và để lại ấn tượng khó phai trong mọi hoàn cảnh."
Perfume,Burberry,Hero EDT,100ml,2.800.000 đ,3.200.000 đ,7.0,https://down-vn.img.susercontent.com/file/vn-11134201-23030-f286q5edgvovae.webp,"Hero EDT mang thương hiệu Burberry sở hữu những nốt hương độc đáo, tinh tế và đầy sức hút. Sản phẩm có độ lưu hương bền bỉ, giúp bạn luôn tự tin, quyến rũ và để lại ấn tượng khó phai trong mọi hoàn cảnh."
Perfume,Burberry,Her EDP,100ml,3.200.000 đ,3.600.000 đ,6.0,https://down-vn.img.susercontent.com/file/vn-11134207-81ztc-mm1hmmljxd6q7a.webp,"Her EDP mang thương hiệu Burberry sở hữu những nốt hương độc đáo, tinh tế và đầy sức hút. Sản phẩm có độ lưu hương bền bỉ, giúp bạn luôn tự tin, quyến rũ và để lại ấn tượng khó phai trong mọi hoàn cảnh."
Perfume,Tom Ford,Oud Wood,50ml,5.200.000 đ,5.800.000 đ,4.0,https://down-vn.img.susercontent.com/file/vn-11134201-7ras8-m5s48kgqxywzd8.webp,"Oud Wood mang thương hiệu Tom Ford sở hữu những nốt hương độc đáo, tinh tế và đầy sức hút. Sản phẩm có độ lưu hương bền bỉ, giúp bạn luôn tự tin, quyến rũ và để lại ấn tượng khó phai trong mọi hoàn cảnh."
Perfume,Tom Ford,Black Orchid,100ml,4.500.000 đ,5.000.000 đ,4.0,https://down-vn.img.susercontent.com/file/vn-11134207-7ras8-mdr3fmt1otgvd3.webp,"Black Orchid mang thương hiệu Tom Ford sở hữu những nốt hương độc đáo, tinh tế và đầy sức hút. Sản phẩm có độ lưu hương bền bỉ, giúp bạn luôn tự tin, quyến rũ và để lại ấn tượng khó phai trong mọi hoàn cảnh."
Perfume,Tom Ford,Lost Cherry,50ml,6.500.000 đ,7.200.000 đ,3.0,https://down-vn.img.susercontent.com/file/vn-11134207-7ra0g-mac69lpaqvs867.webp,"Lost Cherry mang thương hiệu Tom Ford sở hữu những nốt hương độc đáo, tinh tế và đầy sức hút. Sản phẩm có độ lưu hương bền bỉ, giúp bạn luôn tự tin, quyến rũ và để lại ấn tượng khó phai trong mọi hoàn cảnh."
Perfume,Creed,Aventus,100ml,8.500.000 đ,9.200.000 đ,2.0,https://down-vn.img.susercontent.com/file/vn-11134207-7ras8-m2ji6zwyohisad.webp,"Aventus mang thương hiệu Creed sở hữu những nốt hương độc đáo, tinh tế và đầy sức hút. Sản phẩm có độ lưu hương bền bỉ, giúp bạn luôn tự tin, quyến rũ và để lại ấn tượng khó phai trong mọi hoàn cảnh."
Perfume,Creed,Silver Mountain Water,100ml,7.800.000 đ,8.500.000 đ,2.0,https://down-vn.img.susercontent.com/file/vn-11134207-820l4-mjks4ntbv1fo66.webp,"Silver Mountain Water mang thương hiệu Creed sở hữu những nốt hương độc đáo, tinh tế và đầy sức hút. Sản phẩm có độ lưu hương bền bỉ, giúp bạn luôn tự tin, quyến rũ và để lại ấn tượng khó phai trong mọi hoàn cảnh."
Perfume,Jo Malone,Wood Sage & Sea Salt,100ml,3.900.000 đ,4.300.000 đ,5.0,https://down-vn.img.susercontent.com/file/sg-11134201-7qvdb-li10118ad1g385.webp,"Wood Sage & Sea Salt mang thương hiệu Jo Malone sở hữu những nốt hương độc đáo, tinh tế và đầy sức hút. Sản phẩm có độ lưu hương bền bỉ, giúp bạn luôn tự tin, quyến rũ và để lại ấn tượng khó phai trong mọi hoàn cảnh."
Perfume,Jo Malone,English Pear & Freesia,100ml,3.900.000 đ,4.300.000 đ,5.0,https://down-vn.img.susercontent.com/file/vn-11134201-23030-xwllvm4b0wovc7.webp,"English Pear & Freesia mang thương hiệu Jo Malone sở hữu những nốt hương độc đáo, tinh tế và đầy sức hút. Sản phẩm có độ lưu hương bền bỉ, giúp bạn luôn tự tin, quyến rũ và để lại ấn tượng khó phai trong mọi hoàn cảnh."
Perfume,Jo Malone,Peony & Blush Suede,100ml,3.900.000 đ,4.300.000 đ,5.0,https://down-vn.img.susercontent.com/file/vn-11134201-23030-r4b72oipgpov7d.webp,"Peony & Blush Suede mang thương hiệu Jo Malone sở hữu những nốt hương độc đáo, tinh tế và đầy sức hút. Sản phẩm có độ lưu hương bền bỉ, giúp bạn luôn tự tin, quyến rũ và để lại ấn tượng khó phai trong mọi hoàn cảnh."
Perfume,Maison Francis Kurkdjian,Baccarat Rouge 540,70ml,8.200.000 đ,9.000.000 đ,2.0,https://down-vn.img.susercontent.com/file/vn-11134207-7r98o-lv68uxubliihe2.webp,"Baccarat Rouge 540 mang thương hiệu Maison Francis Kurkdjian sở hữu những nốt hương độc đáo, tinh tế và đầy sức hút. Sản phẩm có độ lưu hương bền bỉ, giúp bạn luôn tự tin, quyến rũ và để lại ấn tượng khó phai trong mọi hoàn cảnh."
Perfume,Le Labo,Santal 33,100ml,7.200.000 đ,7.900.000 đ,3.0,https://down-vn.img.susercontent.com/file/vn-11134207-7r98o-lv673qd4147u36.webp,"Santal 33 mang thương hiệu Le Labo sở hữu những nốt hương độc đáo, tinh tế và đầy sức hút. Sản phẩm có độ lưu hương bền bỉ, giúp bạn luôn tự tin, quyến rũ và để lại ấn tượng khó phai trong mọi hoàn cảnh."
Perfume,Byredo,Gypsy Water,100ml,6.500.000 đ,7.200.000 đ,3.0,https://down-vn.img.susercontent.com/file/vn-11134207-7ras8-mdlwr3joi17w64.webp,"Gypsy Water mang thương hiệu Byredo sở hữu những nốt hương độc đáo, tinh tế và đầy sức hút. Sản phẩm có độ lưu hương bền bỉ, giúp bạn luôn tự tin, quyến rũ và để lại ấn tượng khó phai trong mọi hoàn cảnh."
Perfume,Byredo,Blanche,100ml,6.500.000 đ,7.200.000 đ,3.0,https://down-vn.img.susercontent.com/file/vn-11134207-7ras8-m1p6x0nsitzn92.webp,"Blanche mang thương hiệu Byredo sở hữu những nốt hương độc đáo, tinh tế và đầy sức hút. Sản phẩm có độ lưu hương bền bỉ, giúp bạn luôn tự tin, quyến rũ và để lại ấn tượng khó phai trong mọi hoàn cảnh."
Perfume,Carolina Herrera,Good Girl EDP,80ml,3.200.000 đ,3.600.000 đ,6.0,https://down-vn.img.susercontent.com/file/vn-11134207-81ztc-mm9tyg3tmzut4b.webp,"Good Girl EDP mang thương hiệu Carolina Herrera sở hữu những nốt hương độc đáo, tinh tế và đầy sức hút. Sản phẩm có độ lưu hương bền bỉ, giúp bạn luôn tự tin, quyến rũ và để lại ấn tượng khó phai trong mọi hoàn cảnh."
Perfume,Carolina Herrera,212 VIP Black,100ml,2.800.000 đ,3.200.000 đ,6.0,https://down-vn.img.susercontent.com/file/vn-11134207-81ztc-mm1lfzvhvmdee5.webp,"212 VIP Black mang thương hiệu Carolina Herrera sở hữu những nốt hương độc đáo, tinh tế và đầy sức hút. Sản phẩm có độ lưu hương bền bỉ, giúp bạn luôn tự tin, quyến rũ và để lại ấn tượng khó phai trong mọi hoàn cảnh."
Perfume,Valentino,Uomo Born In Roma,100ml,3.200.000 đ,3.600.000 đ,5.0,https://down-vn.img.susercontent.com/file/sg-11134201-7rcd3-lsry3nywkycm73.webp,"Uomo Born In Roma mang thương hiệu Valentino sở hữu những nốt hương độc đáo, tinh tế và đầy sức hút. Sản phẩm có độ lưu hương bền bỉ, giúp bạn luôn tự tin, quyến rũ và để lại ấn tượng khó phai trong mọi hoàn cảnh."
Perfume,Valentino,Donna Born In Roma,100ml,3.500.000 đ,3.900.000 đ,5.0,https://down-vn.img.susercontent.com/file/vn-11134207-81ztc-mlits96cs5qd8f.webp,"Donna Born In Roma mang thương hiệu Valentino sở hữu những nốt hương độc đáo, tinh tế và đầy sức hút. Sản phẩm có độ lưu hương bền bỉ, giúp bạn luôn tự tin, quyến rũ và để lại ấn tượng khó phai trong mọi hoàn cảnh."
Perfume,Jean Paul Gaultier,Le Male Le Parfum,125ml,3.200.000 đ,3.600.000 đ,6.0,https://down-vn.img.susercontent.com/file/vn-11134201-23030-b8jm2lqrtoovc9.webp,"Le Male Le Parfum mang thương hiệu Jean Paul Gaultier sở hữu những nốt hương độc đáo, tinh tế và đầy sức hút. Sản phẩm có độ lưu hương bền bỉ, giúp bạn luôn tự tin, quyến rũ và để lại ấn tượng khó phai trong mọi hoàn cảnh."
Perfume,Jean Paul Gaultier,Scandal Pour Homme,100ml,3.200.000 đ,3.600.000 đ,5.0,https://down-vn.img.susercontent.com/file/sg-11134201-822z5-mo53mnt6m2gw23.webp,"Scandal Pour Homme mang thương hiệu Jean Paul Gaultier sở hữu những nốt hương độc đáo, tinh tế và đầy sức hút. Sản phẩm có độ lưu hương bền bỉ, giúp bạn luôn tự tin, quyến rũ và để lại ấn tượng khó phai trong mọi hoàn cảnh."
Perfume,Paco Rabanne,1 Million EDT,100ml,2.800.000 đ,3.200.000 đ,8.0,https://down-vn.img.susercontent.com/file/vn-11134207-820l4-mhd65l7nyfwse0.webp,"1 Million EDT mang thương hiệu Paco Rabanne sở hữu những nốt hương độc đáo, tinh tế và đầy sức hút. Sản phẩm có độ lưu hương bền bỉ, giúp bạn luôn tự tin, quyến rũ và để lại ấn tượng khó phai trong mọi hoàn cảnh."
Perfume,Paco Rabanne,Invictus EDT,100ml,2.800.000 đ,3.200.000 đ,7.0,https://down-vn.img.susercontent.com/file/vn-11134207-820l4-mfqit6f8ni8a86.webp,"Invictus EDT mang thương hiệu Paco Rabanne sở hữu những nốt hương độc đáo, tinh tế và đầy sức hút. Sản phẩm có độ lưu hương bền bỉ, giúp bạn luôn tự tin, quyến rũ và để lại ấn tượng khó phai trong mọi hoàn cảnh."
Perfume,Paco Rabanne,Lady Million,80ml,3.200.000 đ,3.600.000 đ,5.0,https://down-vn.img.susercontent.com/file/vn-11134201-7r98o-lwg643gpywcgae.webp,"Lady Million mang thương hiệu Paco Rabanne sở hữu những nốt hương độc đáo, tinh tế và đầy sức hút. Sản phẩm có độ lưu hương bền bỉ, giúp bạn luôn tự tin, quyến rũ và để lại ấn tượng khó phai trong mọi hoàn cảnh."
Perfume,Dolce & Gabbana,The One EDP,100ml,3.200.000 đ,3.600.000 đ,5.0,https://down-vn.img.susercontent.com/file/vn-11134207-81ztc-ml66uw9ig2rn57.webp,"The One EDP mang thương hiệu Dolce & Gabbana sở hữu những nốt hương độc đáo, tinh tế và đầy sức hút. Sản phẩm có độ lưu hương bền bỉ, giúp bạn luôn tự tin, quyến rũ và để lại ấn tượng khó phai trong mọi hoàn cảnh."
Perfume,Dolce & Gabbana,Light Blue,100ml,2.800.000 đ,3.200.000 đ,6.0,https://down-vn.img.susercontent.com/file/vn-11134207-820l4-mi5n1vbnr5ky75.webp,"Light Blue mang thương hiệu Dolce & Gabbana sở hữu những nốt hương độc đáo, tinh tế và đầy sức hút. Sản phẩm có độ lưu hương bền bỉ, giúp bạn luôn tự tin, quyến rũ và để lại ấn tượng khó phai trong mọi hoàn cảnh."
Perfume,Montblanc,Explorer EDP,100ml,2.200.000 đ,2.600.000 đ,10.0,https://down-vn.img.susercontent.com/file/vn-11134207-7ras8-m0u0c77o2sq5a2.webp,"Explorer EDP mang thương hiệu Montblanc sở hữu những nốt hương độc đáo, tinh tế và đầy sức hút. Sản phẩm có độ lưu hương bền bỉ, giúp bạn luôn tự tin, quyến rũ và để lại ấn tượng khó phai trong mọi hoàn cảnh."
Perfume,Montblanc,Legend Spirit,100ml,2.200.000 đ,2.600.000 đ,8.0,https://down-vn.img.susercontent.com/file/09f775d59a7847bcfe5429c165e04824.webp,"Legend Spirit mang thương hiệu Montblanc sở hữu những nốt hương độc đáo, tinh tế và đầy sức hút. Sản phẩm có độ lưu hương bền bỉ, giúp bạn luôn tự tin, quyến rũ và để lại ấn tượng khó phai trong mọi hoàn cảnh."
Perfume,Bvlgari,Aqva Pour Homme,100ml,2.500.000 đ,2.900.000 đ,6.0,https://down-vn.img.susercontent.com/file/vn-11134207-81ztc-mo2aq3pb7lkw66.webp,"Aqva Pour Homme mang thương hiệu Bvlgari sở hữu những nốt hương độc đáo, tinh tế và đầy sức hút. Sản phẩm có độ lưu hương bền bỉ, giúp bạn luôn tự tin, quyến rũ và để lại ấn tượng khó phai trong mọi hoàn cảnh."
Perfume,Bvlgari,Omnia Crystalline,100ml,3.200.000 đ,3.600.000 đ,5.0,https://down-vn.img.susercontent.com/file/vn-11134207-7ra0g-m8lgbm0k61ym72.webp,"Omnia Crystalline mang thương hiệu Bvlgari sở hữu những nốt hương độc đáo, tinh tế và đầy sức hút. Sản phẩm có độ lưu hương bền bỉ, giúp bạn luôn tự tin, quyến rũ và để lại ấn tượng khó phai trong mọi hoàn cảnh."
Perfume,Narciso Rodriguez,For Her EDP,100ml,3.200.000 đ,3.600.000 đ,5.0,https://down-vn.img.susercontent.com/file/vn-11134207-81ztc-mm1hmmljxd6q7a.webp,"For Her EDP mang thương hiệu Narciso Rodriguez sở hữu những nốt hương độc đáo, tinh tế và đầy sức hút. Sản phẩm có độ lưu hương bền bỉ, giúp bạn luôn tự tin, quyến rũ và để lại ấn tượng khó phai trong mọi hoàn cảnh."
Perfume,Lancome,La Vie Est Belle,100ml,3.500.000 đ,3.900.000 đ,5.0,https://down-vn.img.susercontent.com/file/vn-11134207-820l4-mfqd9j7f6kge2b.webp,"La Vie Est Belle mang thương hiệu Lancome sở hữu những nốt hương độc đáo, tinh tế và đầy sức hút. Sản phẩm có độ lưu hương bền bỉ, giúp bạn luôn tự tin, quyến rũ và để lại ấn tượng khó phai trong mọi hoàn cảnh."
Perfume,Viktor & Rolf,Flowerbomb EDP,100ml,3.500.000 đ,3.900.000 đ,4.0,https://down-vn.img.susercontent.com/file/vn-11134207-81ztc-mliqnizlbxmp1a.webp,"Flowerbomb EDP mang thương hiệu Viktor & Rolf sở hữu những nốt hương độc đáo, tinh tế và đầy sức hút. Sản phẩm có độ lưu hương bền bỉ, giúp bạn luôn tự tin, quyến rũ và để lại ấn tượng khó phai trong mọi hoàn cảnh."
Perfume,Moschino,Toy Boy EDP,100ml,2.500.000 đ,2.900.000 đ,6.0,https://down-vn.img.susercontent.com/file/vn-11134207-81ztc-mlgdj365bcat99.webp,"Toy Boy EDP mang thương hiệu Moschino sở hữu những nốt hương độc đáo, tinh tế và đầy sức hút. Sản phẩm có độ lưu hương bền bỉ, giúp bạn luôn tự tin, quyến rũ và để lại ấn tượng khó phai trong mọi hoàn cảnh."
Perfume,Davidoff,Cool Water EDT,125ml,1.800.000 đ,2.200.000 đ,12.0,https://down-vn.img.susercontent.com/file/vn-11134207-81ztc-mmfn30wa6b602c.webp,"Cool Water EDT mang thương hiệu Davidoff sở hữu những nốt hương độc đáo, tinh tế và đầy sức hút. Sản phẩm có độ lưu hương bền bỉ, giúp bạn luôn tự tin, quyến rũ và để lại ấn tượng khó phai trong mọi hoàn cảnh."
Perfume,Calvin Klein,CK One,100ml,1.500.000 đ,1.800.000 đ,15.0,https://down-vn.img.susercontent.com/file/vn-11134207-820l4-mhn5kpi1haf456.webp,"CK One mang thương hiệu Calvin Klein sở hữu những nốt hương độc đáo, tinh tế và đầy sức hút. Sản phẩm có độ lưu hương bền bỉ, giúp bạn luôn tự tin, quyến rũ và để lại ấn tượng khó phai trong mọi hoàn cảnh."
Perfume,Calvin Klein,Euphoria Men,100ml,1.800.000 đ,2.200.000 đ,10.0,https://down-vn.img.susercontent.com/file/vn-11134207-7ras8-mbhuc6d0lhtzc0.webp,"Euphoria Men mang thương hiệu Calvin Klein sở hữu những nốt hương độc đáo, tinh tế và đầy sức hút. Sản phẩm có độ lưu hương bền bỉ, giúp bạn luôn tự tin, quyến rũ và để lại ấn tượng khó phai trong mọi hoàn cảnh."
Perfume,Hugo Boss,Bottled EDT,100ml,2.500.000 đ,2.900.000 đ,8.0,https://down-vn.img.susercontent.com/file/vn-11134207-81ztc-mmjwukpx3j0h77.webp,"Bottled EDT mang thương hiệu Hugo Boss sở hữu những nốt hương độc đáo, tinh tế và đầy sức hút. Sản phẩm có độ lưu hương bền bỉ, giúp bạn luôn tự tin, quyến rũ và để lại ấn tượng khó phai trong mọi hoàn cảnh."
Perfume,Hugo Boss,The Scent,100ml,2.800.000 đ,3.200.000 đ,6.0,https://down-vn.img.susercontent.com/file/vn-11134207-7ras8-mbggnkm3729wef.webp,"The Scent mang thương hiệu Hugo Boss sở hữu những nốt hương độc đáo, tinh tế và đầy sức hút. Sản phẩm có độ lưu hương bền bỉ, giúp bạn luôn tự tin, quyến rũ và để lại ấn tượng khó phai trong mọi hoàn cảnh."
Perfume,Azzaro,Wanted EDT,100ml,2.500.000 đ,2.900.000 đ,7.0,https://down-vn.img.susercontent.com/file/sg-11134201-22100-44jfv7vfwbjv53.webp,"Wanted EDT mang thương hiệu Azzaro sở hữu những nốt hương độc đáo, tinh tế và đầy sức hút. Sản phẩm có độ lưu hương bền bỉ, giúp bạn luôn tự tin, quyến rũ và để lại ấn tượng khó phai trong mọi hoàn cảnh."
Perfume,Lacoste,L.12.12 Blanc,100ml,2.200.000 đ,2.600.000 đ,8.0,https://down-vn.img.susercontent.com/file/vn-11134207-820l4-mei02l8o1ekjcc.webp,"L.12.12 Blanc mang thương hiệu Lacoste sở hữu những nốt hương độc đáo, tinh tế và đầy sức hút. Sản phẩm có độ lưu hương bền bỉ, giúp bạn luôn tự tin, quyến rũ và để lại ấn tượng khó phai trong mọi hoàn cảnh."
Perfume,Coach,Coach For Men,100ml,2.200.000 đ,2.600.000 đ,7.0,https://down-vn.img.susercontent.com/file/vn-11134207-7ra0g-m8mq7c9ibu5q8a.webp,"Coach For Men mang thương hiệu Coach sở hữu những nốt hương độc đáo, tinh tế và đầy sức hút. Sản phẩm có độ lưu hương bền bỉ, giúp bạn luôn tự tin, quyến rũ và để lại ấn tượng khó phai trong mọi hoàn cảnh."
Perfume,Coach,Floral EDP,90ml,2.500.000 đ,2.900.000 đ,5.0,https://down-vn.img.susercontent.com/file/vn-11134207-7ra0g-m8mq7c9ibu5q8a.webp,"Floral EDP mang thương hiệu Coach sở hữu những nốt hương độc đáo, tinh tế và đầy sức hút. Sản phẩm có độ lưu hương bền bỉ, giúp bạn luôn tự tin, quyến rũ và để lại ấn tượng khó phai trong mọi hoàn cảnh."
Perfume,Marc Jacobs,Daisy EDT,100ml,3.200.000 đ,3.600.000 đ,5.0,https://down-vn.img.susercontent.com/file/vn-11134207-81ztc-mlftoq2e39c835.webp,"Daisy EDT mang thương hiệu Marc Jacobs sở hữu những nốt hương độc đáo, tinh tế và đầy sức hút. Sản phẩm có độ lưu hương bền bỉ, giúp bạn luôn tự tin, quyến rũ và để lại ấn tượng khó phai trong mọi hoàn cảnh."
Perfume,Marc Jacobs,Perfect EDP,100ml,3.500.000 đ,3.900.000 đ,4.0,https://down-vn.img.susercontent.com/file/vn-11134207-81ztc-mlfto9a29k3m7d.webp,"Perfect EDP mang thương hiệu Marc Jacobs sở hữu những nốt hương độc đáo, tinh tế và đầy sức hút. Sản phẩm có độ lưu hương bền bỉ, giúp bạn luôn tự tin, quyến rũ và để lại ấn tượng khó phai trong mọi hoàn cảnh."
Perfume,Elizabeth Arden,Green Tea EDT,100ml,1.200.000 đ,1.500.000 đ,18.0,https://down-vn.img.susercontent.com/file/sg-11134201-822yk-mo59rqd5mosh78.webp,"Green Tea EDT mang thương hiệu Elizabeth Arden sở hữu những nốt hương độc đáo, tinh tế và đầy sức hút. Sản phẩm có độ lưu hương bền bỉ, giúp bạn luôn tự tin, quyến rũ và để lại ấn tượng khó phai trong mọi hoàn cảnh."
Perfume,Elizabeth Arden,White Tea EDT,100ml,1.500.000 đ,1.800.000 đ,12.0,https://down-vn.img.susercontent.com/file/vn-11134207-81ztc-mmt54c52hypt0b.webp,"White Tea EDT mang thương hiệu Elizabeth Arden sở hữu những nốt hương độc đáo, tinh tế và đầy sức hút. Sản phẩm có độ lưu hương bền bỉ, giúp bạn luôn tự tin, quyến rũ và để lại ấn tượng khó phai trong mọi hoàn cảnh."
Perfume,Kenzo,Flower By Kenzo,100ml,2.800.000 đ,3.200.000 đ,5.0,https://down-vn.img.susercontent.com/file/vn-11134207-7ras8-mcu4n20ajgbg97.webp,"Flower By Kenzo mang thương hiệu Kenzo sở hữu những nốt hương độc đáo, tinh tế và đầy sức hút. Sản phẩm có độ lưu hương bền bỉ, giúp bạn luôn tự tin, quyến rũ và để lại ấn tượng khó phai trong mọi hoàn cảnh."
Perfume,Issey Miyake,L'Eau D'Issey,100ml,2.500.000 đ,2.900.000 đ,6.0,https://down-vn.img.susercontent.com/file/sg-11134201-822z4-modtugvytuyo0c.webp,"L'Eau D'Issey mang thương hiệu Issey Miyake sở hữu những nốt hương độc đáo, tinh tế và đầy sức hút. Sản phẩm có độ lưu hương bền bỉ, giúp bạn luôn tự tin, quyến rũ và để lại ấn tượng khó phai trong mọi hoàn cảnh."
Perfume,Clinique,Happy For Men,100ml,1.800.000 đ,2.200.000 đ,10.0,https://down-vn.img.susercontent.com/file/vn-11134207-7r98o-lwhwryjaas4907.webp,"Happy For Men mang thương hiệu Clinique sở hữu những nốt hương độc đáo, tinh tế và đầy sức hút. Sản phẩm có độ lưu hương bền bỉ, giúp bạn luôn tự tin, quyến rũ và để lại ấn tượng khó phai trong mọi hoàn cảnh."
Perfume,Clinique,Happy Heart,100ml,1.800.000 đ,2.200.000 đ,8.0,https://down-vn.img.susercontent.com/file/sg-11134201-82602-mljtgd5iq9e781.webp,"Happy Heart mang thương hiệu Clinique sở hữu những nốt hương độc đáo, tinh tế và đầy sức hút. Sản phẩm có độ lưu hương bền bỉ, giúp bạn luôn tự tin, quyến rũ và để lại ấn tượng khó phai trong mọi hoàn cảnh."
Perfume,Zara,Red Temptation,80ml,950.000 đ,1.200.000 đ,20.0,https://down-vn.img.susercontent.com/file/880c99ec642e2257067ddade8e9bce5c.webp,"Red Temptation mang thương hiệu Zara sở hữu những nốt hương độc đáo, tinh tế và đầy sức hút. Sản phẩm có độ lưu hương bền bỉ, giúp bạn luôn tự tin, quyến rũ và để lại ấn tượng khó phai trong mọi hoàn cảnh."
Perfume,Zara,Golden Decade,80ml,950.000 đ,1.200.000 đ,18.0,https://down-vn.img.susercontent.com/file/vn-11134207-7ra0g-m9ybloctoe2s54.webp,"Golden Decade mang thương hiệu Zara sở hữu những nốt hương độc đáo, tinh tế và đầy sức hút. Sản phẩm có độ lưu hương bền bỉ, giúp bạn luôn tự tin, quyến rũ và để lại ấn tượng khó phai trong mọi hoàn cảnh."
Perfume,Miniso,Garden Of Mirror,50ml,320.000 đ,420.000 đ,25.0,https://down-vn.img.susercontent.com/file/vn-11134207-81ztc-mkl961rezl6v93.webp,"Garden Of Mirror mang thương hiệu Miniso sở hữu những nốt hương độc đáo, tinh tế và đầy sức hút. Sản phẩm có độ lưu hương bền bỉ, giúp bạn luôn tự tin, quyến rũ và để lại ấn tượng khó phai trong mọi hoàn cảnh."
Perfume,The Body Shop,White Musk EDT,60ml,980.000 đ,1.200.000 đ,15.0,https://down-vn.img.susercontent.com/file/vn-11134207-7r98o-lu3st8e7rxunab.webp,"White Musk EDT mang thương hiệu The Body Shop sở hữu những nốt hương độc đáo, tinh tế và đầy sức hút. Sản phẩm có độ lưu hương bền bỉ, giúp bạn luôn tự tin, quyến rũ và để lại ấn tượng khó phai trong mọi hoàn cảnh."
Perfume,Body Fantasies,Pink Vanilla Kiss,236ml,280.000 đ,350.000 đ,22.0,https://down-vn.img.susercontent.com/file/vn-11134207-7ras8-mcq9bzuk61ssb7.webp,"Pink Vanilla Kiss mang thương hiệu Body Fantasies sở hữu những nốt hương độc đáo, tinh tế và đầy sức hút. Sản phẩm có độ lưu hương bền bỉ, giúp bạn luôn tự tin, quyến rũ và để lại ấn tượng khó phai trong mọi hoàn cảnh."
Perfume,Bath & Body Works,A Thousand Wishes,236ml,450.000 đ,550.000 đ,18.0,https://down-vn.img.susercontent.com/file/vn-11134207-7qukw-lf88btknsbka02.webp,"A Thousand Wishes mang thương hiệu Bath & Body Works sở hữu những nốt hương độc đáo, tinh tế và đầy sức hút. Sản phẩm có độ lưu hương bền bỉ, giúp bạn luôn tự tin, quyến rũ và để lại ấn tượng khó phai trong mọi hoàn cảnh."
Perfume,Victoria's Secret,Love Spell,250ml,420.000 đ,520.000 đ,20.0,https://down-vn.img.susercontent.com/file/vn-11134207-7r98o-lrvuzh7855tw5e.webp,"Love Spell mang thương hiệu Victoria's Secret sở hữu những nốt hương độc đáo, tinh tế và đầy sức hút. Sản phẩm có độ lưu hương bền bỉ, giúp bạn luôn tự tin, quyến rũ và để lại ấn tượng khó phai trong mọi hoàn cảnh."
Perfume,Victoria's Secret,Pure Seduction,250ml,420.000 đ,520.000 đ,18.0,https://down-vn.img.susercontent.com/file/vn-11134207-81ztc-mmivjtfipzwhae.webp,"Pure Seduction mang thương hiệu Victoria's Secret sở hữu những nốt hương độc đáo, tinh tế và đầy sức hút. Sản phẩm có độ lưu hương bền bỉ, giúp bạn luôn tự tin, quyến rũ và để lại ấn tượng khó phai trong mọi hoàn cảnh."
Perfume,Victoria's Secret,Velvet Petals,250ml,420.000 đ,520.000 đ,16.0,https://down-vn.img.susercontent.com/file/sg-11134201-81ztc-mmltavof59u742.webp,"Velvet Petals mang thương hiệu Victoria's Secret sở hữu những nốt hương độc đáo, tinh tế và đầy sức hút. Sản phẩm có độ lưu hương bền bỉ, giúp bạn luôn tự tin, quyến rũ và để lại ấn tượng khó phai trong mọi hoàn cảnh."
Perfume,BBW,Into The Night,236ml,450.000 đ,550.000 đ,14.0,https://down-vn.img.susercontent.com/file/2387aea6c73e86a52d4f447fbbeb3d19.webp,"Into The Night mang thương hiệu BBW sở hữu những nốt hương độc đáo, tinh tế và đầy sức hút. Sản phẩm có độ lưu hương bền bỉ, giúp bạn luôn tự tin, quyến rũ và để lại ấn tượng khó phai trong mọi hoàn cảnh."
Perfume,BBW,In The Stars,236ml,450.000 đ,550.000 đ,12.0,https://down-vn.img.susercontent.com/file/095306153a83949fb4b98243eb48b932.webp,"In The Stars mang thương hiệu BBW sở hữu những nốt hương độc đáo, tinh tế và đầy sức hút. Sản phẩm có độ lưu hương bền bỉ, giúp bạn luôn tự tin, quyến rũ và để lại ấn tượng khó phai trong mọi hoàn cảnh."
Perfume,BBW,Japanese Cherry Blossom,236ml,450.000 đ,550.000 đ,12.0,https://down-vn.img.susercontent.com/file/vn-11134207-7ra0g-m6uhk795ne4837.webp,"Japanese Cherry Blossom mang thương hiệu BBW sở hữu những nốt hương độc đáo, tinh tế và đầy sức hút. Sản phẩm có độ lưu hương bền bỉ, giúp bạn luôn tự tin, quyến rũ và để lại ấn tượng khó phai trong mọi hoàn cảnh."
Perfume,Sol De Janeiro,Cheirosa 62,90ml,980.000 đ,1.200.000 đ,10.0,https://down-vn.img.susercontent.com/file/vn-11134207-81ztc-mlimvqx9kv7ke4.webp,"Cheirosa 62 mang thương hiệu Sol De Janeiro sở hữu những nốt hương độc đáo, tinh tế và đầy sức hút. Sản phẩm có độ lưu hương bền bỉ, giúp bạn luôn tự tin, quyến rũ và để lại ấn tượng khó phai trong mọi hoàn cảnh."
Perfume,Sol De Janeiro,Cheirosa 68,90ml,980.000 đ,1.200.000 đ,8.0,https://down-vn.img.susercontent.com/file/vn-11134207-81ztc-mlimu1j694arc9.webp,"Cheirosa 68 mang thương hiệu Sol De Janeiro sở hữu những nốt hương độc đáo, tinh tế và đầy sức hút. Sản phẩm có độ lưu hương bền bỉ, giúp bạn luôn tự tin, quyến rũ và để lại ấn tượng khó phai trong mọi hoàn cảnh."
Perfume,Nautica,Voyage EDT,100ml,1.200.000 đ,1.500.000 đ,15.0,https://down-vn.img.susercontent.com/file/vn-11134207-81ztc-mk2obnkk3g1uf8.webp,"Voyage EDT mang thương hiệu Nautica sở hữu những nốt hương độc đáo, tinh tế và đầy sức hút. Sản phẩm có độ lưu hương bền bỉ, giúp bạn luôn tự tin, quyến rũ và để lại ấn tượng khó phai trong mọi hoàn cảnh."
Perfume,Armaf,Club De Nuit Intense Man,105ml,1.500.000 đ,1.800.000 đ,12.0,https://down-vn.img.susercontent.com/file/vn-11134207-81ztc-mmisijsec2yqa5.webp,"Club De Nuit Intense Man mang thương hiệu Armaf sở hữu những nốt hương độc đáo, tinh tế và đầy sức hút. Sản phẩm có độ lưu hương bền bỉ, giúp bạn luôn tự tin, quyến rũ và để lại ấn tượng khó phai trong mọi hoàn cảnh."
Perfume,Rasasi,Hawas For Him,100ml,1.800.000 đ,2.200.000 đ,10.0,https://down-vn.img.susercontent.com/file/vn-11134207-7ras8-m5qggxv29mo3e7.webp,"Hawas For Him mang thương hiệu Rasasi sở hữu những nốt hương độc đáo, tinh tế và đầy sức hút. Sản phẩm có độ lưu hương bền bỉ, giúp bạn luôn tự tin, quyến rũ và để lại ấn tượng khó phai trong mọi hoàn cảnh."
Perfume,Lattafa,Khamrah,100ml,1.500.000 đ,1.800.000 đ,12.0,https://down-vn.img.susercontent.com/file/vn-11134207-81ztc-mlg7qyxchv6090.webp,"Khamrah mang thương hiệu Lattafa sở hữu những nốt hương độc đáo, tinh tế và đầy sức hút. Sản phẩm có độ lưu hương bền bỉ, giúp bạn luôn tự tin, quyến rũ và để lại ấn tượng khó phai trong mọi hoàn cảnh."
Perfume,Lattafa,Yara,100ml,1.200.000 đ,1.500.000 đ,15.0,https://down-vn.img.susercontent.com/file/vn-11134207-81ztc-mlg80ic6hfr8f6.webp,"Yara mang thương hiệu Lattafa sở hữu những nốt hương độc đáo, tinh tế và đầy sức hút. Sản phẩm có độ lưu hương bền bỉ, giúp bạn luôn tự tin, quyến rũ và để lại ấn tượng khó phai trong mọi hoàn cảnh."
Perfume,Ajmal,Evoke Gold,90ml,1.800.000 đ,2.200.000 đ,8.0,https://down-vn.img.susercontent.com/file/vn-11134207-7r98o-lxaq97rxa7kr8f.webp,"Evoke Gold mang thương hiệu Ajmal sở hữu những nốt hương độc đáo, tinh tế và đầy sức hút. Sản phẩm có độ lưu hương bền bỉ, giúp bạn luôn tự tin, quyến rũ và để lại ấn tượng khó phai trong mọi hoàn cảnh."
Perfume,Mercedes Benz,Club Black,100ml,2.200.000 đ,2.600.000 đ,6.0,https://down-vn.img.susercontent.com/file/vn-11134201-7r98o-losmyt6tgbio55.webp,"Club Black mang thương hiệu Mercedes Benz sở hữu những nốt hương độc đáo, tinh tế và đầy sức hút. Sản phẩm có độ lưu hương bền bỉ, giúp bạn luôn tự tin, quyến rũ và để lại ấn tượng khó phai trong mọi hoàn cảnh."
Perfume,Guess,Seductive Homme Blue,100ml,1.800.000 đ,2.200.000 đ,8.0,https://down-vn.img.susercontent.com/file/7804d51010d6c1725019e8b8117dedb0.webp,"Seductive Homme Blue mang thương hiệu Guess sở hữu những nốt hương độc đáo, tinh tế và đầy sức hút. Sản phẩm có độ lưu hương bền bỉ, giúp bạn luôn tự tin, quyến rũ và để lại ấn tượng khó phai trong mọi hoàn cảnh."
Perfume,Ferrari,Scuderia Black,125ml,1.500.000 đ,1.800.000 đ,10.0,https://down-vn.img.susercontent.com/file/vn-11134207-7r98o-lnnsox0zcjxpd1.webp,"Scuderia Black mang thương hiệu Ferrari sở hữu những nốt hương độc đáo, tinh tế và đầy sức hút. Sản phẩm có độ lưu hương bền bỉ, giúp bạn luôn tự tin, quyến rũ và để lại ấn tượng khó phai trong mọi hoàn cảnh."
Perfume,Salvatore Ferragamo,Signorina,100ml,2.500.000 đ,2.900.000 đ,5.0,https://down-vn.img.susercontent.com/file/vn-11134207-81ztc-mlhifciptudh69.webp,"Signorina mang thương hiệu Salvatore Ferragamo sở hữu những nốt hương độc đáo, tinh tế và đầy sức hút. Sản phẩm có độ lưu hương bền bỉ, giúp bạn luôn tự tin, quyến rũ và để lại ấn tượng khó phai trong mọi hoàn cảnh."
Perfume,Jimmy Choo,Blossom EDP,100ml,2.800.000 đ,3.200.000 đ,5.0,https://down-vn.img.susercontent.com/file/sg-11134201-81zvy-mn1b6ax9tn9i4c.webp,"Blossom EDP mang thương hiệu Jimmy Choo sở hữu những nốt hương độc đáo, tinh tế và đầy sức hút. Sản phẩm có độ lưu hương bền bỉ, giúp bạn luôn tự tin, quyến rũ và để lại ấn tượng khó phai trong mọi hoàn cảnh."
Perfume,Mugler,Alien EDP,90ml,3.500.000 đ,3.900.000 đ,4.0,https://down-vn.img.susercontent.com/file/vn-11134207-7r98o-lu28krdvyexrb2@resize_w900_nl.webp,"Alien EDP mang thương hiệu Mugler sở hữu những nốt hương độc đáo, tinh tế và đầy sức hút. Sản phẩm có độ lưu hương bền bỉ, giúp bạn luôn tự tin, quyến rũ và để lại ấn tượng khó phai trong mọi hoàn cảnh."
Perfume,Mugler,Angel Nova,100ml,3.500.000 đ,3.900.000 đ,4.0,https://down-vn.img.susercontent.com/file/vn-11134207-7r98o-lu15qeh27pjz5b.webp,"Angel Nova mang thương hiệu Mugler sở hữu những nốt hương độc đáo, tinh tế và đầy sức hút. Sản phẩm có độ lưu hương bền bỉ, giúp bạn luôn tự tin, quyến rũ và để lại ấn tượng khó phai trong mọi hoàn cảnh."
Perfume,Givenchy,L'Interdit EDP,100ml,3.500.000 đ,3.900.000 đ,4.0,https://down-vn.img.susercontent.com/file/15ee5f42a98c0069290f3b6b09dce333.webp,"L'Interdit EDP mang thương hiệu Givenchy sở hữu những nốt hương độc đáo, tinh tế và đầy sức hút. Sản phẩm có độ lưu hương bền bỉ, giúp bạn luôn tự tin, quyến rũ và để lại ấn tượng khó phai trong mọi hoàn cảnh."
Perfume,Givenchy,Gentleman Reserve Privee,100ml,3.200.000 đ,3.600.000 đ,5.0,https://down-vn.img.susercontent.com/file/vn-11134207-81ztc-mn3zhvw6hnns79.webp,"Gentleman Reserve Privee mang thương hiệu Givenchy sở hữu những nốt hương độc đáo, tinh tế và đầy sức hút. Sản phẩm có độ lưu hương bền bỉ, giúp bạn luôn tự tin, quyến rũ và để lại ấn tượng khó phai trong mọi hoàn cảnh."
Perfume,Maison Margiela,Jazz Club,100ml,4.200.000 đ,4.600.000 đ,3.0,https://down-vn.img.susercontent.com/file/vn-11134207-7r98o-lsctw7uj7kwp92.webp,"Jazz Club mang thương hiệu Maison Margiela sở hữu những nốt hương độc đáo, tinh tế và đầy sức hút. Sản phẩm có độ lưu hương bền bỉ, giúp bạn luôn tự tin, quyến rũ và để lại ấn tượng khó phai trong mọi hoàn cảnh."
Perfume,Maison Margiela,By The Fireplace,100ml,4.200.000 đ,4.600.000 đ,3.0,https://down-vn.img.susercontent.com/file/vn-11134207-81ztc-mn5uxwo2zbpcf5.webp,"By The Fireplace mang thương hiệu Maison Margiela sở hữu những nốt hương độc đáo, tinh tế và đầy sức hút. Sản phẩm có độ lưu hương bền bỉ, giúp bạn luôn tự tin, quyến rũ và để lại ấn tượng khó phai trong mọi hoàn cảnh."
Perfume,Penhaligon's,Halfeti,100ml,7.200.000 đ,7.900.000 đ,2.0,https://down-vn.img.susercontent.com/file/vn-11134207-7ras8-m2z7qosmr0na4d.webp,"Halfeti mang thương hiệu Penhaligon's sở hữu những nốt hương độc đáo, tinh tế và đầy sức hút. Sản phẩm có độ lưu hương bền bỉ, giúp bạn luôn tự tin, quyến rũ và để lại ấn tượng khó phai trong mọi hoàn cảnh."
Perfume,Xerjoff,Erba Pura,100ml,6.800.000 đ,7.500.000 đ,2.0,https://down-vn.img.susercontent.com/file/vn-11134207-7r98o-lw16z8cyx9zt67.webp,"Erba Pura mang thương hiệu Xerjoff sở hữu những nốt hương độc đáo, tinh tế và đầy sức hút. Sản phẩm có độ lưu hương bền bỉ, giúp bạn luôn tự tin, quyến rũ và để lại ấn tượng khó phai trong mọi hoàn cảnh."
Perfume,Mancera,Cedrat Boise EDP,120ml,3.200.000 đ,3.600.000 đ,4.0,https://down-vn.img.susercontent.com/file/sg-11134201-8261s-mky5iq9vrldt24.webp,"Cedrat Boise EDP mang thương hiệu Mancera sở hữu những nốt hương độc đáo, tinh tế và đầy sức hút. Sản phẩm có độ lưu hương bền bỉ, giúp bạn luôn tự tin, quyến rũ và để lại ấn tượng khó phai trong mọi hoàn cảnh."
,,,,,,,,"Sản phẩm Sản phẩm từ cao cấp mang đến trải nghiệm làm đẹp và chăm sóc cơ thể cao cấp. Với thiết kế tiện lợi và hiệu quả rõ rệt, đây chắc chắn là lựa chọn hoàn hảo dành cho bạn."
,,,,,,,,"Sản phẩm Sản phẩm từ cao cấp mang đến trải nghiệm làm đẹp và chăm sóc cơ thể cao cấp. Với thiết kế tiện lợi và hiệu quả rõ rệt, đây chắc chắn là lựa chọn hoàn hảo dành cho bạn."
,,"Son Tint Merzy Mịn Lì , Bền Màu, Fit Môi Tự Nhiên Water Fit Blur Tint ","FT1,FT2",174.000 đ,----,2000.0,,"Sản phẩm Son Tint Merzy Mịn Lì , Bền Màu, Fit Môi Tự Nhiên Water Fit Blur Tint  từ cao cấp mang đến trải nghiệm làm đẹp và chăm sóc cơ thể cao cấp. Với thiết kế tiện lợi và hiệu quả rõ rệt, đây chắc chắn là lựa chọn hoàn hảo dành cho bạn."
